Date,Price,MA20,MA60,MA120
2020-05-18,"2,069.004","2,015.94","1,963.32","2,166.07"
2020-05-19,"2,061.372","2,022.4","1,959.85","2,164.39"
2020-05-20,"2,092.031","2,028.58","1,957.08","2,162.86"
2020-05-21,"2,074.098","2,033.57","1,955.36","2,161.15"
2020-05-22,"2,071.902","2,037.78","1,954.2","2,159.28"
2020-05-25,"2,081.833","2,040.75","1,952.03","2,157.53"
2020-05-26,"2,114.271","2,045.3","1,950.94","2,156.07"
2020-05-27,"2,136.899","2,048.6","1,949.17","2,154.75"
2020-05-28,"2,148.333","2,053.38","1,948.44","2,153.41"
2020-05-29,"2,147.882","2,060.53","1,948.41","2,151.97"
2020-06-01,"2,163.925","2,068.84","1,951.23","2,150.53"
2020-06-02,"2,187.088","2,077.29","1,953.48","2,149.28"
2020-06-03,"2,222.538","2,088.04","1,957.65","2,148.36"
2020-06-04,"2,218.503","2,097.66","1,965.02","2,147.34"
2020-06-05,"2,266.756","2,107.9","1,971.44","2,146.65"
2020-06-08,"2,288.041","2,119.27","1,981.19","2,146.13"
2020-06-09,"2,275.276","2,131.33","1,989.56","2,145.49"
2020-06-10,"2,267.364","2,144.77","1,999.32","2,144.79"
2020-06-11,"2,154.437","2,152.5","2,006.98","2,143.07"
2020-06-12,"2,164.457","2,160.3","2,015.54","2,141.4"
2020-06-15,"2,171.443","2,165.42","2,025.03","2,139.89"
2020-06-16,"2,219.097","2,173.31","2,032.97","2,138.73"
2020-06-17,"2,217.897","2,179.6","2,040.17","2,137.56"
2020-06-18,"2,215.644","2,186.68","2,045.84","2,136.22"
2020-06-19,"2,208.967","2,193.53","2,052.2","2,134.94"
2020-06-22,"2,217.82","2,200.33","2,057.99","2,133.71"
2020-06-23,"2,236.037","2,206.42","2,064.38","2,132.66"
2020-06-24,"2,180.122","2,208.58","2,071.03","2,131.1"
2020-06-25,"2,193.396","2,210.83","2,077.53","2,129.55"
2020-06-26,"2,157.191","2,211.3","2,083.87","2,127.71"
2020-06-29,"2,176.439","2,211.93","2,088.79","2,125.95"
2020-06-30,"2,201.788","2,212.66","2,093.9","2,124.39"
2020-07-01,"2,211.272","2,212.1","2,098.42","2,122.89"
2020-07-02,"2,227.648","2,212.55","2,102.7","2,121.4"
2020-07-03,"2,226.395","2,210.54","2,106.94","2,119.82"
2020-07-06,"2,264.287","2,209.35","2,112.07","2,118.57"
2020-07-07,"2,243.166","2,207.74","2,116.01","2,117.18"
2020-07-08,"2,252.639","2,207.01","2,120.88","2,115.87"
2020-07-09,"2,240.734","2,211.32","2,125.49","2,114.49"
2020-07-10,"2,259.597","2,216.08","2,129.52","2,113.36"
2020-07-13,"2,253.759","2,220.19","2,133.85","2,112.51"
2020-07-14,"2,270.685","2,222.77","2,139.49","2,111.66"
2020-07-15,"2,298.782","2,226.82","2,145","2,111.03"
2020-07-16,"2,288.81","2,230.48","2,150.24","2,110.34"
2020-07-17,"2,293.916","2,234.72","2,155.35","2,109.94"
2020-07-20,"2,312.954","2,239.48","2,160.19","2,109.62"
2020-07-21,"2,321.549","2,243.76","2,165.16","2,109.1"
2020-07-22,"2,327.764","2,251.14","2,169.44","2,108.46"
2020-07-23,"2,308.117","2,256.87","2,173.7","2,107.56"
2020-07-24,"2,291.578","2,263.59","2,178.48","2,106.61"
2020-07-27,"2,311.623","2,270.35","2,183.71","2,105.77"
2020-07-28,"2,299.906","2,275.26","2,188.4","2,104.76"
2020-07-29,"2,319.711","2,280.68","2,193.6","2,103.79"
2020-07-30,"2,304.009","2,284.5","2,198.24","2,102.75"
2020-07-31,"2,304.982","2,288.43","2,202.29","2,101.69"
2020-08-03,"2,324.082","2,291.42","2,206.68","2,100.8"
2020-08-04,"2,336.824","2,296.1","2,211.72","2,100.1"
2020-08-05,"2,355.939","2,301.27","2,217.68","2,099.47"
2020-08-06,"2,359.89","2,307.22","2,223.68","2,098.97"
2020-08-07,"2,355.973","2,312.04","2,229.47","2,098.58"
2020-08-10,"2,360.869","2,317.4","2,234.34","2,098.83"
2020-08-11,"2,359.466","2,321.84","2,239.31","2,099.58"
2020-08-12,"2,391.795","2,326.49","2,244.3","2,100.69"
2020-08-13,"2,390.085","2,331.55","2,249.57","2,102.46"
2020-08-14,"2,384.199","2,336.07","2,254.77","2,104.49"
2020-08-17,"2,393.972","2,340.12","2,259.98","2,106"
2020-08-18,"2,399.366","2,344.01","2,264.73","2,107.83"
2020-08-19,"2,394.468","2,347.34","2,269.02","2,109.1"
2020-08-20,"2,389.15","2,351.39","2,273.03","2,110.74"
2020-08-21,"2,392.108","2,356.42","2,277.1","2,112.76"
2020-08-24,"2,417.054","2,361.69","2,281.32","2,116.27"
2020-08-25,"2,422.949","2,367.84","2,285.25","2,119.37"
2020-08-26,"2,446.05","2,374.16","2,288.98","2,123.32"
2020-08-27,"2,442.786","2,381.1","2,292.72","2,128.87"
2020-08-28,"2,456.855","2,388.69","2,295.89","2,133.66"
2020-08-31,"2,455.512","2,395.27","2,298.68","2,139.93"
2020-09-01,"2,467.249","2,401.79","2,301.88","2,145.72"
2020-09-02,"2,494.101","2,408.69","2,305.66","2,152.49"
2020-09-03,"2,425.783","2,411.99","2,310.18","2,158.58"
2020-09-04,"2,399.601","2,414.17","2,314.1","2,164.82"
2020-09-07,"2,408.046","2,416.53","2,318.04","2,171.54"
2020-09-08,"2,354.41","2,416.28","2,320.3","2,176.63"
2020-09-09,"2,393.751","2,416.37","2,323.23","2,181.7"
2020-09-10,"2,367.8","2,415.26","2,325.76","2,185.8"
2020-09-11,"2,368.143","2,414.46","2,328.42","2,190.31"
2020-09-14,"2,396.374","2,414.58","2,331.39","2,194.69"
2020-09-15,"2,407.975","2,415.01","2,334.26","2,199.32"
2020-09-16,"2,403.5","2,415.46","2,337.98","2,204.5"
2020-09-17,"2,383.538","2,415.18","2,341.15","2,209.34"
2020-09-18,"2,367.993","2,413.97","2,344.66","2,214.27"
2020-09-21,"2,329.494","2,409.6","2,347.21","2,218"
2020-09-22,"2,343.388","2,405.62","2,349.57","2,221.74"
2020-09-23,"2,305.571","2,398.59","2,351.15","2,224.78"
2020-09-24,"2,300.297","2,391.47","2,352.36","2,227.53"
2020-09-25,"2,326.853","2,384.97","2,354.03","2,230.49"
2020-09-28,"2,366.406","2,380.51","2,355.73","2,233.9"
2020-09-29,"2,359.634","2,375.13","2,357.67","2,236.84"
2020-09-30,"2,367.27","2,368.79","2,359.58","2,240.23"
2020-10-01,"2,380.021","2,366.5","2,361.91","2,243.7"
2020-10-02,"2,362.406","2,364.64","2,363.62","2,246.57"
2020-10-05,"2,403.5","2,364.42","2,366.11","2,249.98"
2020-10-06,"2,382.57","2,365.82","2,367.98","2,253.74"
2020-10-07,"2,409.395","2,366.61","2,369.82","2,257.41"
2020-10-08,"2,427.358","2,369.58","2,372.13","2,261.19"
2020-10-09,"2,447.755","2,373.56","2,374.7","2,265.02"
2020-10-12,"2,477.916","2,377.64","2,377.45","2,268.82"
2020-10-13,"2,464.179","2,380.45","2,379.82","2,272.49"
2020-10-14,"2,453.612","2,382.96","2,381.92","2,275.68"
2020-10-15,"2,435.929","2,385.58","2,384.05","2,278.87"
2020-10-16,"2,440.136","2,389.18","2,386.53","2,282.5"
2020-10-19,"2,417.692","2,393.59","2,388.29","2,286"
2020-10-20,"2,422.707","2,397.56","2,390.34","2,289.37"
2020-10-21,"2,417.834","2,403.17","2,391.98","2,292.79"
2020-10-22,"2,421.001","2,409.21","2,393.93","2,296.08"
2020-10-23,"2,430.541","2,414.39","2,396.02","2,299.15"
2020-10-26,"2,390.077","2,415.58","2,397.12","2,301.9"
2020-10-27,"2,381.653","2,416.68","2,397.87","2,304.79"
2020-10-28,"2,306.648","2,413.65","2,397.04","2,307.36"
2020-10-29,"2,318.437","2,410.57","2,396.35","2,310.02"
2020-10-30,"2,292.925","2,407.09","2,395.3","2,312.39"
2020-11-02,"2,322.139","2,403.03","2,394.66","2,314.5"
2020-11-03,"2,369.274","2,402.36","2,394.82","2,317.06"
2020-11-04,"2,416.613","2,402.72","2,395.23","2,319.77"
2020-11-05,"2,466.581","2,404.68","2,396.51","2,323.04"
2020-11-06,"2,470.048","2,405.8","2,397.94","2,326.36"
2020-11-09,"2,502.063","2,407","2,399.74","2,329.86"
2020-11-10,"2,507.101","2,409.15","2,401.54","2,333.13"
2020-11-11,"2,528.249","2,412.88","2,403.77","2,336.39"
2020-11-12,"2,509.238","2,416.55","2,405.77","2,339.4"
2020-11-13,"2,529.291","2,421.01","2,408.05","2,342.58"
2020-11-16,"2,561.496","2,428.2","2,410.46","2,345.89"
2020-11-17,"2,558.429","2,434.98","2,412.72","2,348.99"
2020-11-18,"2,543.361","2,441.26","2,414.34","2,351.66"
2020-11-19,"2,546.308","2,447.52","2,416.07","2,354.39"
2020-11-20,"2,540.023","2,453","2,417.45","2,356.67"
2020-11-23,"2,546.9","2,460.84","2,418.98","2,358.83"
2020-11-24,"2,587.192","2,471.12","2,420.98","2,361.43"
2020-11-25,"2,589.67","2,485.27","2,422.57","2,364.11"
2020-11-26,"2,590.149","2,498.85","2,425.31","2,367.74"
2020-11-27,"2,601.449","2,514.28","2,428.67","2,371.38"
2020-11-30,"2,583.143","2,527.33","2,431.59","2,374.82"
2020-12-01,"2,609.006","2,539.32","2,435.83","2,378.06"
2020-12-02,"2,613.913","2,549.18","2,439.5","2,381.36"
2020-12-03,"2,621.276","2,556.92","2,443.73","2,384.75"
2020-12-04,"2,639.656","2,565.4","2,448.25","2,388.33"
2020-12-07,"2,635.88","2,572.09","2,452.24","2,391.82"
2020-12-08,"2,642.051","2,578.83","2,456.15","2,395.2"
2020-12-09,"2,627.528","2,583.8","2,459.88","2,398.93"
2020-12-10,"2,628.585","2,589.77","2,463.96","2,402.56"
2020-12-11,"2,621.894","2,594.4","2,468.2","2,406.43"
2020-12-14,"2,619.43","2,597.29","2,473.03","2,410.12"
2020-12-15,"2,643.737","2,601.56","2,478.03","2,413.8"
2020-12-16,"2,654.792","2,607.13","2,483.85","2,417.5"
2020-12-17,"2,674.868","2,613.56","2,490.1","2,421.23"
2020-12-18,"2,666.305","2,619.87","2,495.75","2,424.89"
2020-12-21,"2,644.973","2,624.77","2,500.4","2,428.06"
2020-12-22,"2,643.073","2,627.57","2,505.12","2,431.4"
2020-12-23,"2,651.414","2,630.66","2,509.86","2,434.72"
2020-12-24,"2,659.04","2,634.1","2,514.51","2,438.21"
2020-12-25,"2,659.271","2,636.99","2,519.45","2,441.54"
2020-12-28,"2,676.801","2,641.67","2,524.01","2,445.06"
2020-12-29,"2,682.185","2,645.33","2,529","2,448.49"
2020-12-30,"2,686.056","2,648.94","2,533.61","2,451.72"
2020-12-31,"2,690.044","2,652.38","2,537.99","2,455.06"
2021-01-04,"2,670.043","2,653.9","2,541.7","2,458.2"
2021-01-05,"2,684.178","2,656.31","2,545.13","2,461.29"
2021-01-06,"2,699.512","2,659.19","2,549.06","2,464.44"
2021-01-07,"2,734.191","2,664.52","2,553.73","2,467.83"
2021-01-08,"2,753.307","2,670.76","2,559.02","2,471.54"
2021-01-11,"2,730.05","2,676.16","2,563.85","2,475.19"
2021-01-12,"2,734.401","2,681.91","2,569.13","2,478.71"
2021-01-13,"2,739.87","2,686.72","2,574.42","2,482.38"
2021-01-14,"2,738.086","2,690.88","2,579.76","2,485.87"
2021-01-15,"2,714.812","2,692.88","2,584.65","2,489.29"
2021-01-20,"2,761.484","2,697.64","2,590.17","2,493.09"
2021-01-21,"2,765.566","2,703.67","2,596.43","2,496.77"
2021-01-22,"2,755.663","2,709.3","2,602.66","2,500.26"
2021-01-25,"2,756.867","2,714.57","2,610.16","2,503.6"
2021-01-26,"2,754.117","2,719.33","2,617.43","2,506.89"
2021-01-27,"2,694.423","2,721.08","2,624.12","2,509.71"
2021-01-28,"2,710.603","2,722.77","2,630.59","2,512.62"
2021-01-29,"2,661.691","2,721.75","2,635.47","2,515.14"
2021-02-01,"2,697.877","2,722.34","2,640.15","2,517.69"
2021-02-02,"2,731.952","2,724.43","2,644.58","2,520.54"
2021-02-03,"2,737.932","2,727.83","2,649.04","2,523.49"
2021-02-04,"2,757.662","2,731.5","2,653.3","2,526.52"
2021-02-05,"2,773.45","2,735.2","2,657.74","2,529.64"
2021-02-08,"2,795.892","2,738.29","2,662.2","2,532.98"
2021-02-09,"2,798.552","2,740.55","2,667.02","2,536.4"
2021-02-10,"2,800.683","2,744.08","2,671.55","2,539.8"
2021-02-11,"2,807.158","2,747.72","2,675.64","2,543.05"
2021-02-12,"2,818.846","2,751.67","2,679.98","2,546.35"
2021-02-15,"2,829.671","2,756.25","2,684.75","2,549.55"
2021-02-16,"2,828.153","2,761.91","2,689.45","2,552.76"
2021-02-17,"2,815.977","2,764.64","2,694.05","2,555.75"
2021-02-18,"2,802.921","2,766.5","2,698.32","2,558.65"
2021-02-19,"2,806.471","2,769.04","2,701.97","2,561.47"
2021-02-22,"2,788.108","2,770.61","2,705.28","2,563.92"
2021-02-23,"2,789.213","2,772.36","2,708.6","2,566.95"
2021-02-24,"2,802.395","2,777.76","2,711.94","2,570.31"
2021-02-25,"2,760.262","2,780.24","2,714.9","2,573.24"
2021-02-26,"2,726.91","2,783.5","2,716.86","2,576.35"
2021-03-01,"2,783.701","2,787.8","2,719.69","2,579.6"
2021-03-02,"2,768.247","2,789.61","2,722.14","2,582.93"
2021-03-03,"2,741.684","2,789.8","2,723.84","2,586.05"
2021-03-04,"2,706.476","2,787.24","2,725.02","2,588.63"
2021-03-05,"2,728.557","2,784.99","2,726.46","2,591.3"
2021-03-08,"2,722.635","2,781.33","2,728.05","2,593.96"
2021-03-09,"2,761.816","2,779.49","2,730.27","2,597.11"
2021-03-10,"2,775.344","2,778.23","2,732.82","2,600.51"
2021-03-11,"2,806.07","2,778.17","2,735.93","2,604.48"
2021-03-12,"2,807.209","2,777.59","2,738.66","2,608.35"
2021-03-15,"2,821.853","2,777.2","2,741.44","2,612.65"
2021-03-16,"2,823.687","2,776.98","2,743.92","2,617.01"
2021-03-17,"2,826.79","2,777.52","2,746.6","2,621.18"
2021-03-18,"2,802.271","2,777.48","2,749.22","2,624.81"
2021-03-19,"2,796.14","2,776.97","2,751.77","2,628.45"
2021-03-22,"2,809.65","2,778.05","2,754.41","2,632.13"
2021-03-23,"2,788.01","2,777.99","2,756.56","2,635.53"
2021-03-24,"2,767.258","2,776.23","2,758.36","2,638.91"
2021-03-25,"2,775.055","2,776.97","2,759.99","2,642"
2021-03-26,"2,814.857","2,781.37","2,762.21","2,645.6"
2021-03-29,"2,811.533","2,782.76","2,764.3","2,648.96"
2021-03-30,"2,805.104","2,784.6","2,766.21","2,652.1"
2021-03-31,"2,811.699","2,788.1","2,768.58","2,655.14"
2021-04-01,"2,840.187","2,794.79","2,771.18","2,658.16"
2021-04-02,"2,841.888","2,800.45","2,773.55","2,661.3"
2021-04-05,"2,872.966","2,807.97","2,775.86","2,664.8"
2021-04-06,"2,876.228","2,813.69","2,777.91","2,668.47"
2021-04-07,"2,881.148","2,818.98","2,780.43","2,672.14"
2021-04-08,"2,895.613","2,823.46","2,783.12","2,676.12"
2021-04-09,"2,910.095","2,828.6","2,785.95","2,680.19"
2021-04-12,"2,907.253","2,832.87","2,788.77","2,684.26"
2021-04-13,"2,918.192","2,837.6","2,792.16","2,688.41"
2021-04-14,"2,913.533","2,841.93","2,794.7","2,692.43"
2021-04-15,"2,941.747","2,848.91","2,797.63","2,697.03"
2021-04-16,"2,953.347","2,856.77","2,800.93","2,701.79"
2021-04-19,"2,944.051","2,863.49","2,804.05","2,707.11"
2021-04-20,"2,915.78","2,869.88","2,806.74","2,712.08"
2021-04-21,"2,932.976","2,878.16","2,810.72","2,717.42"
2021-04-22,"2,923.912","2,885.61","2,814.27","2,722.43"
2021-04-23,"2,946.113","2,892.17","2,819.01","2,727.24"
2021-04-26,"2,956.133","2,899.4","2,823.32","2,731.74"
2021-04-27,"2,952.006","2,906.74","2,826.98","2,735.78"
2021-04-28,"2,951.881","2,913.75","2,830.55","2,739.8"
2021-04-29,"2,963.312","2,919.91","2,833.98","2,743.64"
2021-04-30,"2,938.764","2,924.75","2,836.73","2,747.24"
2021-05-03,"2,948.674","2,928.54","2,839.28","2,750.74"
2021-05-04,"2,922.497","2,930.85","2,841.35","2,754.18"
2021-05-05,"2,932.845","2,933.44","2,843.55","2,757.55"
2021-05-06,"2,952.025","2,936.26","2,845.96","2,760.8"
2021-05-07,"2,979.407","2,939.72","2,848.64","2,764.31"
2021-05-10,"2,961.574","2,942.44","2,850.84","2,767.79"
2021-05-11,"2,928.332","2,942.95","2,852.51","2,770.98"
2021-05-12,"2,876.791","2,941.11","2,853.52","2,773.78"
2021-05-13,"2,892.481","2,938.65","2,855.01","2,776.66"
2021-05-14,"2,938.625","2,937.91","2,857.22","2,779.59"
2021-05-17,"2,934.179","2,937.42","2,859.65","2,782.46"
2021-05-18,"2,928.682","2,938.06","2,861.97","2,785.29"
2021-05-19,"2,910.94","2,936.96","2,863.78","2,787.86"
2021-05-20,"2,942.214","2,937.87","2,866.82","2,790.86"
2021-05-21,"2,943.129","2,937.72","2,870.42","2,793.64"
2021-05-24,"2,966.435","2,938.24","2,873.47","2,796.58"
2021-05-25,"2,965.51","2,938.91","2,876.75","2,799.45"
2021-05-26,"2,969.51","2,939.8","2,880.55","2,802.2"
2021-05-27,"2,970.643","2,940.16","2,884.95","2,804.99"
2021-05-31,"2,975.701","2,942.01","2,889.07","2,807.77"
2021-06-01,"2,982.025","2,943.68","2,893.39","2,810.72"
2021-06-02,"2,985.973","2,946.85","2,897.13","2,813.7"
2021-06-03,"2,972.869","2,948.85","2,900.42","2,816.62"
2021-06-04,"2,997.357","2,951.12","2,903.61","2,819.77"
2021-06-07,"3,000.972","2,952.2","2,906.84","2,822.75"
2021-06-08,"3,001.834","2,954.21","2,909.84","2,825.64"
2021-06-09,"2,996.64","2,957.63","2,912.72","2,828.32"
2021-06-10,"3,007.462","2,964.16","2,915.73","2,831.17"
2021-06-11,"3,012.672","2,970.17","2,919.24","2,834.23"
2021-06-14,"3,019.881","2,974.23","2,922.97","2,837.37"
2021-06-15,"3,017.268","2,978.39","2,926.43","2,840.42"
2021-06-16,"3,008.478","2,982.38","2,930.1","2,843.33"
2021-06-17,"2,996.511","2,986.65","2,933.93","2,846.14"
2021-06-18,"2,954.187","2,987.25","2,936.91","2,848.45"
2021-06-21,"2,982.107","2,989.2","2,939.7","2,850.95"
2021-06-22,"3,001.136","2,990.94","2,942.86","2,853.58"
2021-06-23,"2,998.003","2,992.56","2,946.07","2,856.14"
2021-06-24,"3,013.36","2,994.75","2,949.43","2,859.01"
2021-06-28,"3,025.215","2,997.48","2,952.52","2,861.85"
2021-06-29,"3,024.437","2,999.92","2,955.56","2,864.55"
2021-06-30,"3,017.228","3,001.68","2,957.96","2,866.91"
2021-07-01,"3,028.201","3,003.79","2,960.5","2,869.2"
2021-07-02,"3,046.094","3,007.45","2,963.25","2,871.84"
2021-07-05,"3,049.838","3,010.08","2,965.82","2,874.47"
2021-07-06,"3,042.632","3,012.16","2,968.03","2,876.99"
2021-07-07,"3,049.661","3,014.55","2,970.4","2,879.59"
2021-07-08,"3,022.241","3,015.83","2,972.13","2,882.15"
2021-07-09,"3,053.122","3,018.11","2,974.46","2,884.58"
2021-07-12,"3,068.265","3,020.89","2,976.57","2,887.1"
2021-07-13,"3,059.275","3,022.86","2,978.33","2,889.63"
2021-07-14,"3,058.589","3,024.93","2,980.24","2,892.15"
2021-07-15,"3,043.522","3,026.68","2,982.37","2,894.56"
2021-07-16,"3,024.655","3,028.09","2,983.9","2,897.31"
2021-07-19,"2,975.553","3,029.16","2,984.76","2,899.52"
2021-07-20,"3,005.863","3,030.34","2,985.76","2,902.38"
2021-07-21,"3,036.719","3,032.12","2,987.1","2,905.21"
2021-07-22,"3,046.598","3,034.55","2,988.68","2,907.83"
2021-07-23,"3,072.378","3,037.5","2,990.68","2,910.62"
2021-07-26,"3,080.405","3,040.26","2,992.64","2,913.31"
2021-07-27,"3,068.867","3,042.49","2,994.8","2,915.77"
2021-07-28,"3,069.492","3,045.1","2,996.82","2,918.05"
2021-07-29,"3,089.818","3,048.18","2,999.61","2,920.48"
2021-07-30,"3,069.249","3,049.34","3,001.88","2,922.71"
2021-08-02,"3,077.11","3,050.7","3,003.97","2,924.96"
2021-08-03,"3,092.512","3,053.19","3,005.85","2,927.24"
2021-08-04,"3,085.831","3,055","3,007.92","2,929.38"
2021-08-05,"3,102.227","3,059","3,010.82","2,931.66"
2021-08-06,"3,098.063","3,061.25","3,014.51","2,934.01"
2021-08-09,"3,097.061","3,062.69","3,017.92","2,936.46"
2021-08-10,"3,099.494","3,064.7","3,020.6","2,938.91"
2021-08-11,"3,109.967","3,067.27","3,023.53","2,941.59"
2021-08-12,"3,115.736","3,070.88","3,026.65","2,944.31"
2021-08-13,"3,125.117","3,075.9","3,030.22","2,947"
2021-08-16,"3,121.986","3,083.22","3,033.21","2,950.01"
2021-08-17,"3,100.118","3,087.94","3,035.83","2,953.12"
2021-08-18,"3,078.014","3,090","3,037.69","2,955.58"
2021-08-19,"3,063.224","3,090.83","3,039.32","2,958.03"
2021-08-20,"3,080.02","3,091.22","3,041.16","2,960.85"
2021-08-23,"3,112.57","3,092.82","3,043.52","2,964.24"
2021-08-24,"3,121.997","3,095.48","3,045.96","2,967.52"
2021-08-25,"3,125.829","3,098.3","3,048.36","2,970.88"
2021-08-26,"3,110.271","3,099.32","3,050.43","2,973.78"
2021-08-27,"3,133.669","3,102.54","3,053.11","2,976.77"
2021-08-30,"3,146.629","3,106.02","3,055.6","2,979.6"
2021-08-31,"3,141.351","3,108.46","3,057.94","2,982.39"
2021-09-01,"3,151.665","3,111.75","3,060.43","2,985.14"
2021-09-02,"3,161.46","3,114.71","3,063.18","2,987.95"
2021-09-03,"3,163.987","3,118.01","3,065.79","2,990.76"
2021-09-06,"3,169.644","3,121.64","3,068.41","2,993.82"
2021-09-07,"3,158.937","3,124.61","3,070.72","2,996.85"
2021-09-08,"3,146.958","3,126.46","3,072.89","2,999.66"
2021-09-09,"3,136.039","3,127.47","3,075.01","3,002.56"
2021-09-10,"3,122.067","3,127.32","3,077.1","3,005.51"
2021-09-13,"3,126.102","3,127.53","3,079.97","3,008.44"
2021-09-14,"3,116.078","3,128.33","3,082.2","3,010.95"
2021-09-15,"3,127.714","3,130.81","3,084.31","3,013.59"
2021-09-16,"3,122.573","3,133.78","3,086.39","3,016.23"
2021-09-17,"3,096.615","3,134.61","3,087.78","3,018.61"
2021-09-20,"3,046.203","3,131.29","3,088.13","3,020.32"
2021-09-21,"3,049.675","3,127.67","3,088.55","3,022.05"
2021-09-22,"3,074.355","3,125.1","3,089.5","3,023.73"
2021-09-23,"3,106.421","3,124.91","3,090.8","3,025.65"
2021-09-24,"3,103.53","3,123.4","3,091.76","3,027.5"
2021-09-27,"3,095.559","3,120.85","3,092.52","3,029.17"
2021-09-28,"3,032.703","3,115.41","3,092.36","3,030.19"
2021-09-29,"3,028.749","3,109.27","3,092.01","3,031.2"
2021-09-30,"3,006.604","3,101.53","3,091.75","3,031.94"
2021-10-01,"3,022.829","3,094.47","3,091.24","3,032.85"
2021-10-04,"2,992.886","3,085.63","3,089.99","3,033.28"
2021-10-05,"3,016.192","3,078.49","3,089.27","3,033.8"
2021-10-06,"3,015.95","3,071.94","3,088.56","3,034.4"
2021-10-08,"3,043.744","3,067.33","3,088.56","3,035.47"
2021-10-11,"3,031.571","3,062.8","3,088.68","3,036.29"
2021-10-12,"3,024.722","3,057.73","3,089.5","3,037.13"
2021-10-13,"3,039.013","3,053.88","3,090.05","3,037.9"
2021-10-14,"3,084.589","3,051.72","3,090.85","3,038.97"
2021-10-15,"3,109.466","3,051.07","3,091.89","3,040.28"
2021-10-18,"3,114.011","3,051.94","3,092.59","3,041.64"
2021-10-19,"3,136.194","3,056.44","3,093.52","3,043.08"
2021-10-20,"3,147.699","3,061.34","3,094.83","3,044.82"
2021-10-21,"3,152.327","3,065.24","3,096.21","3,046.51"
2021-10-22,"3,151.158","3,067.47","3,097.23","3,048.42"
2021-10-25,"3,159.884","3,070.29","3,098.74","3,050.31"
2021-10-26,"3,167.438","3,073.89","3,100.25","3,052.11"
2021-10-27,"3,152.051","3,079.85","3,101.24","3,053.55"
2021-10-28,"3,179.444","3,087.39","3,102.8","3,055.36"
2021-10-29,"3,174.725","3,095.79","3,104.01","3,057.42"
2021-11-01,"3,190.536","3,104.18","3,105.55","3,060.03"
2021-11-02,"3,195.669","3,114.32","3,107.2","3,062.56"
2021-11-03,"3,212.353","3,124.13","3,109.08","3,064.84"
2021-11-04,"3,224.633","3,134.56","3,110.99","3,067.26"
2021-11-05,"3,232.255","3,143.99","3,112.93","3,069.79"
2021-11-08,"3,237.633","3,154.29","3,114.8","3,072.51"
2021-11-09,"3,227.797","3,164.44","3,116.57","3,074.89"
2021-11-10,"3,201.57","3,172.57","3,118.26","3,077.04"
2021-11-11,"3,201.994","3,178.44","3,120.33","3,079.01"
2021-11-12,"3,223.815","3,184.16","3,123","3,081.16"
2021-11-15,"3,226.446","3,189.78","3,125.44","3,083.3"
2021-11-16,"3,231.948","3,194.57","3,127.43","3,085.48"
2021-11-17,"3,221.033","3,198.24","3,129.08","3,087.52"
2021-11-18,"3,226.372","3,201.94","3,130.76","3,089.56"
2021-11-19,"3,219.904","3,205.38","3,132.59","3,091.51"
2021-11-22,"3,201.492","3,207.46","3,133.72","3,093.41"
2021-11-23,"3,196.883","3,208.93","3,134.55","3,095.08"
2021-11-24,"3,198.124","3,211.23","3,135.5","3,096.72"
2021-11-25,"3,202.438","3,212.38","3,136.35","3,098.39"
2021-11-26,"3,131.977","3,210.24","3,135.85","3,099.52"
2021-11-29,"3,155.729","3,208.5","3,135.72","3,100.75"
2021-11-30,"3,101.796","3,203.81","3,134.59","3,101.5"
2021-12-01,"3,087.975","3,197.59","3,133.4","3,102.06"
2021-12-02,"3,111.167","3,191.92","3,132.81","3,102.85"
2021-12-03,"3,086.442","3,184.63","3,131.98","3,103.5"
2021-12-06,"3,117.306","3,178.61","3,131.9","3,104.5"
2021-12-07,"3,184.172","3,176.43","3,132.87","3,106.42"
2021-12-08,"3,196.391","3,176.17","3,134.21","3,108.2"
2021-12-09,"3,172.489","3,174.69","3,134.95","3,109.63"
2021-12-10,"3,188.256","3,172.92","3,136.05","3,111.22"
2021-12-13,"3,161.998","3,169.69","3,137.14","3,112.46"
2021-12-14,"3,138.058","3,165","3,138.67","3,113.4"
2021-12-15,"3,175.11","3,162.7","3,140.76","3,114.65"
2021-12-16,"3,167.333","3,159.75","3,142.31","3,115.9"
2021-12-17,"3,139.752","3,155.74","3,142.86","3,116.83"
2021-12-20,"3,100.497","3,150.69","3,142.81","3,117.29"
2021-12-21,"3,152.311","3,148.47","3,143.76","3,118.14"
2021-12-22,"3,183.623","3,147.74","3,146.28","3,119.32"
2021-12-23,"3,206.082","3,147.92","3,149.23","3,120.62"
2021-12-27,"3,237.699","3,153.21","3,153.08","3,122.41"
2021-12-28,"3,239.283","3,157.39","3,156.69","3,123.97"
2021-12-29,"3,243.947","3,164.49","3,160.87","3,125.43"
2021-12-30,"3,237.069","3,171.95","3,164.56","3,126.91"
2021-12-31,"3,231.727","3,177.98","3,168.15","3,128.35"
2022-01-03,"3,241.431","3,185.73","3,171.45","3,130"
2022-01-04,"3,248.118","3,192.27","3,175.06","3,131.87"
2022-01-05,"3,203.027","3,193.21","3,178.03","3,133.76"
2022-01-06,"3,184.624","3,192.62","3,180.45","3,135.25"
2022-01-07,"3,177.538","3,192.87","3,182","3,136.42"
2022-01-10,"3,166.14","3,191.77","3,182.95","3,137.42"
2022-01-11,"3,193.393","3,193.34","3,184.27","3,138.43"
2022-01-12,"3,214.188","3,197.14","3,185.57","3,139.54"
2022-01-13,"3,182.063","3,197.49","3,186.14","3,140.49"
2022-01-14,"3,173.12","3,197.78","3,186.49","3,141.35"
2022-01-17,"3,176.191","3,199.6","3,186.91","3,142.07"
2022-01-18,"3,124.207","3,200.79","3,186.31","3,142.53"
2022-01-19,"3,098.6","3,198.1","3,185.17","3,142.71"
2022-01-20,"3,082.251","3,193.03","3,184","3,142.62"
2022-01-21,"3,025.097","3,183.99","3,181.43","3,142.12"
2022-01-24,"3,005.515","3,172.38","3,178.61","3,141.31"
2022-01-25,"2,975.484","3,159.19","3,175.03","3,140.29"
2022-01-26,"2,979.697","3,145.97","3,171.43","3,139.31"
2022-01-27,"2,955.341","3,131.89","3,167.14","3,138.11"
2022-01-28,"3,005.63","3,120.58","3,163.49","3,137.24"
2022-01-31,"3,059.047","3,111.46","3,160.61","3,136.77"
2022-02-01,"3,086.616","3,103.39","3,158.09","3,136.45"
2022-02-02,"3,113.835","3,098.93","3,156.19","3,136.38"
2022-02-03,"3,052.497","3,092.32","3,153.7","3,135.98"
2022-02-04,"3,061.464","3,086.52","3,151.36","3,135.84"
2022-02-07,"3,059.438","3,081.18","3,148.62","3,135.81"
2022-02-08,"3,077.134","3,075.37","3,146.13","3,135.79"
2022-02-09,"3,124.928","3,070.91","3,144.35","3,135.89"
2022-02-10,"3,087.983","3,066.2","3,142.13","3,135.61"
2022-02-11,"3,039.176","3,059.51","3,139.01","3,134.89"
2022-02-14,"3,011.452","3,051.27","3,135.54","3,134.06"
2022-02-15,"3,054.257","3,047.77","3,133.09","3,133.4"
2022-02-16,"3,060.289","3,045.86","3,130.81","3,132.68"
2022-02-17,"3,009.089","3,042.2","3,127.66","3,131.58"
2022-02-18,"2,983.586","3,040.12","3,124.01","3,130.18"
2022-02-21,"2,975.909","3,038.64","3,121.41","3,128.63"
2022-02-22,"2,949.641","3,037.35","3,117.97","3,126.85"
2022-02-23,"2,909.331","3,033.83","3,114.77","3,124.68"
2022-02-24,"2,905.944","3,031.36","3,111.73","3,122.57"
2022-02-25,"2,980.204","3,030.09","3,109.55","3,121.18"
2022-02-28,"2,977.954","3,026.04","3,107.74","3,119.86"
2022-03-01,"2,930.765","3,018.24","3,104.63","3,118.27"
2022-03-02,"2,964.244","3,010.76","3,100.97","3,116.92"
2022-03-03,"2,942.448","3,005.26","3,096.74","3,115.47"
2022-03-04,"2,896.523","2,997.01","3,092.14","3,113.54"
2022-03-07,"2,819.539","2,985.02","3,085.99","3,111.02"
2022-03-08,"2,797.696","2,971.05","3,079.92","3,108.53"
2022-03-09,"2,881.776","2,958.89","3,075.65","3,107.16"
2022-03-10,"2,871.521","2,948.07","3,070.59","3,105.67"
2022-03-11,"2,840.045","2,938.11","3,065.13","3,103.72"
2022-03-14,"2,826.489","2,928.86","3,059.91","3,101.39"
2022-03-15,"2,865.889","2,919.44","3,056","3,099.41"
2022-03-16,"2,936.325","2,913.25","3,052.4","3,098.08"
2022-03-17,"2,981.313","2,911.86","3,049.03","3,097.65"
2022-03-18,"3,010.587","2,913.21","3,045.77","3,097.5"
2022-03-21,"3,010.083","2,914.92","3,041.98","3,097.53"
2022-03-22,"3,040.37","2,919.45","3,038.66","3,097.68"
2022-03-23,"3,012.794","2,924.63","3,034.81","3,097.84"
2022-03-24,"3,041.477","2,931.4","3,031.55","3,098.05"
2022-03-25,"3,049.112","2,934.85","3,028.51","3,098.33"
2022-03-28,"3,061.631","2,939.03","3,025.51","3,098.48"
2022-03-29,"3,110.809","2,948.03","3,023.22","3,099.14"
2022-03-30,"3,096.667","2,954.65","3,021.45","3,099.74"
2022-03-31,"3,053.07","2,960.19","3,019.26","3,099.86"
2022-04-01,"3,057.067","2,968.21","3,017.25","3,099.63"
2022-04-04,"3,081.384","2,981.31","3,015.84","3,099.39"
2022-04-05,"3,049.394","2,993.89","3,013.44","3,098.85"
2022-04-06,"3,012.236","3,000.41","3,010.07","3,097.82"
2022-04-07,"3,014.077","3,007.54","3,007.27","3,096.71"
2022-04-08,"3,012.194","3,016.15","3,004.59","3,095.54"
2022-04-11,"2,972.401","3,023.44","3,001.19","3,094.05"
2022-04-12,"2,959.777","3,028.14","2,998.45","3,092.38"
2022-04-13,"2,985.065","3,030.58","2,996.56","3,090.86"
2022-04-14,"2,960.639","3,029.54","2,994.53","3,089.27"
2022-04-15,"2,959.671","3,027","2,993.44","3,087.44"
2022-04-18,"2,954.152","3,024.2","2,992.59","3,085.6"
2022-04-19,"2,984.699","3,021.42","2,992.74","3,083.88"
2022-04-20,"2,994.639","3,020.51","2,992.99","3,082.21"
2022-04-21,"2,959.917","3,016.43","2,993.06","3,080.1"
2022-04-22,"2,882.453","3,008.1","2,991.01","3,077.25"
2022-04-25,"2,877.705","2,998.9","2,987.99","3,074.3"
2022-04-26,"2,810.996","2,983.91","2,983.4","3,070.74"
2022-04-27,"2,807.51","2,969.45","2,978.29","3,067.24"
2022-04-28,"2,861.549","2,959.88","2,975.11","3,064.41"
2022-04-29,"2,795.615","2,946.8","2,970.68","3,061.02"
2022-05-02,"2,796.33","2,932.55","2,966.29","3,057.46"
2022-05-03,"2,809.815","2,920.57","2,961.84","3,053.99"
2022-05-04,"2,864.43","2,913.18","2,957.5","3,050.92"
2022-05-05,"2,784.116","2,901.68","2,952.43","3,047.28"
2022-05-06,"2,762.213","2,889.18","2,947.81","3,043.41"
2022-05-09,"2,671.828","2,874.16","2,942.15","3,038.85"
2022-05-10,"2,677.245","2,860.03","2,935.87","3,034.48"
2022-05-11,"2,652.587","2,843.41","2,929.08","3,029.94"
2022-05-12,"2,639.753","2,827.36","2,922.92","3,025.29"
2022-05-13,"2,701.327","2,814.44","2,918.22","3,021.11"
2022-05-16,"2,693.953","2,801.43","2,913.52","3,017.46"
2022-05-17,"2,746.82","2,789.54","2,910.14","3,014.06"
2022-05-18,"2,665.06","2,773.06","2,906.06","3,010.42"
2022-05-19,"2,651.554","2,757.64","2,901.83","3,006.78"
2022-05-20,"2,655.913","2,746.32","2,896.42","3,002.99"
2022-05-23,"2,702.252","2,737.54","2,891.83","2,999.78"
2022-05-24,"2,680.459","2,731.02","2,887.65","2,996.14"
2022-05-25,"2,700.089","2,725.65","2,883.25","2,992.11"
2022-05-26,"2,743.963","2,719.77","2,879.94","2,988.34"
2022-05-27,"2,802.587","2,720.11","2,878.38","2,985.26"
2022-05-30,"2,814.745","2,721.04","2,878.3","2,982.14"
2022-05-31,"2,791.013","2,720.1","2,878.19","2,979.05"
2022-06-01,"2,770.431","2,715.4","2,876.33","2,975.99"
2022-06-02,"2,814.026","2,716.89","2,875.37","2,972.98"
2022-06-03,"2,779.065","2,717.73","2,874.36","2,969.74"
2022-06-06,"2,789.828","2,723.63","2,873.74","2,966.83"
2022-06-07,"2,805.325","2,730.04","2,872.74","2,964.37"
2022-06-08,"2,783.291","2,736.57","2,870.18","2,961.29"
2022-06-09,"2,721.847","2,740.68","2,865.86","2,957.45"
2022-06-10,"2,641.694","2,737.7","2,859.71","2,952.74"
2022-06-13,"2,545.045","2,730.25","2,851.96","2,946.97"
2022-06-14,"2,525.881","2,719.2","2,843.39","2,941.02"
2022-06-15,"2,556.671","2,713.78","2,835.78","2,935.3"
2022-06-16,"2,490.538","2,705.73","2,826.6","2,929.08"
2022-06-17,"2,485.773","2,697.23","2,817.21","2,922.86"
2022-06-20,"2,494.995","2,686.86","2,807.77","2,916.64"
2022-06-21,"2,543.356","2,680.01","2,798.31","2,910.77"
2022-06-22,"2,537.255","2,671.87","2,788.99","2,905.22"
2022-06-23,"2,549.053","2,662.12","2,780.59","2,899.92"
2022-06-24,"2,619.476","2,652.97","2,773.29","2,895.27"
2022-06-27,"2,623.197","2,643.39","2,765.66","2,890.75"
2022-06-28,"2,584.256","2,633.05","2,757.91","2,885.67"
2022-06-29,"2,574.451","2,623.25","2,750.61","2,880.34"
2022-06-30,"2,546.185","2,609.86","2,742.81","2,875.04"
2022-07-01,"2,559.951","2,598.9","2,735.27","2,869.93"
2022-07-04,"2,567.866","2,587.81","2,728.53","2,864.86"
2022-07-05,"2,553.954","2,575.24","2,721.77","2,860.11"
2022-07-06,"2,561.199","2,564.13","2,714.7","2,855.63"
2022-07-07,"2,602.031","2,558.14","2,708.73","2,851.63"
2022-07-08,"2,603.619","2,556.24","2,702.79","2,848.12"
2022-07-11,"2,572.333","2,557.6","2,696.43","2,844.51"
2022-07-12,"2,554.185","2,559.02","2,689.25","2,841"
2022-07-13,"2,544.677","2,558.42","2,681.75","2,837.37"
2022-07-14,"2,520.915","2,559.94","2,674.44","2,833.75"
2022-07-15,"2,568.635","2,564.08","2,669.21","2,830.11"
2022-07-18,"2,567.678","2,567.71","2,664.04","2,826.01"
2022-07-19,"2,628.336","2,571.96","2,661","2,822.2"
2022-07-20,"2,643.932","2,577.3","2,658.27","2,818.28"
2022-07-21,"2,663.837","2,583.04","2,654.97","2,815.04"
2022-07-22,"2,650.819","2,584.6","2,652.56","2,811.62"
2022-07-25,"2,651.222","2,586","2,650.14","2,808.22"
2022-07-26,"2,624.492","2,588.02","2,647.05","2,804.45"
2022-07-27,"2,675.085","2,593.05","2,643.9","2,800.7"
2022-07-28,"2,709.821","2,601.23","2,642.66","2,797.55"
2022-07-29,"2,746.365","2,610.55","2,642.4","2,795.11"
2022-08-01,"2,749.261","2,619.62","2,643.69","2,792.92"
2022-08-02,"2,728.3","2,628.34","2,644.54","2,790.2"
2022-08-03,"2,755.245","2,638.04","2,646.25","2,787.66"
2022-08-04,"2,761.65","2,646.02","2,648.28","2,785.6"
2022-08-05,"2,752.06","2,653.44","2,649.13","2,783.67"
2022-08-08,"2,758.723","2,662.76","2,650.2","2,781.86"
2022-08-09,"2,743.624","2,672.23","2,650.15","2,780.14"
2022-08-10,"2,803.371","2,685.17","2,652.46","2,779.26"
2022-08-11,"2,802.229","2,699.23","2,654.97","2,778.4"
2022-08-12,"2,834.513","2,712.53","2,657.94","2,777.18"
2022-08-15,"2,842.48","2,726.27","2,660.28","2,776.05"
2022-08-16,"2,844.42","2,737.07","2,663.01","2,775.33"
2022-08-17,"2,822.873","2,746.02","2,665.06","2,774.16"
2022-08-18,"2,826.414","2,754.15","2,666.43","2,773.19"
2022-08-19,"2,787.705","2,760.99","2,666.19","2,772.28"
2022-08-22,"2,736.098","2,765.24","2,664.88","2,771.59"
2022-08-23,"2,730.354","2,770.53","2,663.87","2,771.03"
2022-08-24,"2,736.007","2,773.58","2,663.29","2,769.81"
2022-08-25,"2,768.48","2,776.51","2,662.53","2,768.95"
2022-08-26,"2,694.617","2,773.92","2,661.12","2,767.74"
2022-08-29,"2,668.786","2,769.9","2,659.11","2,766.43"
2022-08-30,"2,645.373","2,765.75","2,656.44","2,764.59"
2022-08-31,"2,627.321","2,759.35","2,653.84","2,762.01"
2022-09-01,"2,610.255","2,751.79","2,651.98","2,758.92"
2022-09-02,"2,605.21","2,744.44","2,651.37","2,755.54"
2022-09-05,"2,596.701","2,736.34","2,652.24","2,752.1"
2022-09-06,"2,584.97","2,728.41","2,653.22","2,748.3"
2022-09-07,"2,614.103","2,718.95","2,654.18","2,744.98"
2022-09-08,"2,636.169","2,710.64","2,656.6","2,741.6"
2022-09-09,"2,682.895","2,703.06","2,659.89","2,738.55"
2022-09-12,"2,719.008","2,696.89","2,663.62","2,735.7"
2022-09-13,"2,619.5","2,685.64","2,664.89","2,731.6"
2022-09-14,"2,617.841","2,675.39","2,666.24","2,727.61"
2022-09-15,"2,591.995","2,663.67","2,666.95","2,723.77"
2022-09-16,"2,569.294","2,652.75","2,666.11","2,719.7"
2022-09-19,"2,580.549","2,644.97","2,665.4","2,715.53"
2022-09-20,"2,554.023","2,636.15","2,664.9","2,711.4"
2022-09-21,"2,516.591","2,625.18","2,663.94","2,707.27"
2022-09-22,"2,489.36","2,611.23","2,662.99","2,702.9"
2022-09-23,"2,438.504","2,598.42","2,660.96","2,698.12"
2022-09-26,"2,408.439","2,585.41","2,658.31","2,693.42"
2022-09-27,"2,403.878","2,573.33","2,655.81","2,688.79"
2022-09-28,"2,438.777","2,563.9","2,653.77","2,684.23"
2022-09-29,"2,401.317","2,553.46","2,650.42","2,679.57"
2022-09-30,"2,378.645","2,542.13","2,646.67","2,674.73"
2022-10-03,"2,429.908","2,533.79","2,644.3","2,670.36"
2022-10-04,"2,511.721","2,530.13","2,643.59","2,666.42"
2022-10-05,"2,500.075","2,524.42","2,642.85","2,662.3"
2022-10-06,"2,478.421","2,516.54","2,642.14","2,658.29"
2022-10-07,"2,417.722","2,503.28","2,639.62","2,654.41"
2022-10-10,"2,395.614","2,487.11","2,636.75","2,650.4"
2022-10-11,"2,376.288","2,474.95","2,632.55","2,646.77"
2022-10-12,"2,367.689","2,462.44","2,627.95","2,643.11"
2022-10-13,"2,411.689","2,453.43","2,623.75","2,639.36"
2022-10-14,"2,376.645","2,443.79","2,619.18","2,635.87"
2022-10-17,"2,431.839","2,436.36","2,615.52","2,632.83"
2022-10-18,"2,457.861","2,431.55","2,612.74","2,629.9"
2022-10-19,"2,439.303","2,427.68","2,608.81","2,626.36"
2022-10-20,"2,429.258","2,424.68","2,604.14","2,623.4"
2022-10-21,"2,462.423","2,425.88","2,599.41","2,620.9"
2022-10-24,"2,493.062","2,430.11","2,595.14","2,619.41"
2022-10-25,"2,537.537","2,436.79","2,591.96","2,618.25"
2022-10-26,"2,535.675","2,441.63","2,588.3","2,617.27"
2022-10-27,"2,523.587","2,447.75","2,584.33","2,616.3"
2022-10-28,"2,561.044","2,456.87","2,581.15","2,615.14"
2022-10-31,"2,547.716","2,462.76","2,577.63","2,613.92"
2022-11-01,"2,546.395","2,464.49","2,574.34","2,612.25"
2022-11-02,"2,499.785","2,464.48","2,569.28","2,610.87"
2022-11-03,"2,467.889","2,463.95","2,563.71","2,609.34"
2022-11-04,"2,507.22","2,468.43","2,558.26","2,608.1"
2022-11-07,"2,533.635","2,475.33","2,553.11","2,606.69"
2022-11-08,"2,554.874","2,484.26","2,548.28","2,605.65"
2022-11-09,"2,509.765","2,491.36","2,543.06","2,604.06"
2022-11-10,"2,636.547","2,502.6","2,539.9","2,603.17"
2022-11-11,"2,674.077","2,517.47","2,538.01","2,602.1"
2022-11-14,"2,653.942","2,528.58","2,536.64","2,600.76"
2022-11-15,"2,678.226","2,539.6","2,535.77","2,599.82"
2022-11-16,"2,657.579","2,550.51","2,534.46","2,598.88"
2022-11-17,"2,642.335","2,561.17","2,532.36","2,597.45"
2022-11-18,"2,658.898","2,570.99","2,531.76","2,596.44"
2022-11-21,"2,640.44","2,578.36","2,531.29","2,595.2"
2022-11-22,"2,675.459","2,585.25","2,531.79","2,594.12"
2022-11-23,"2,697.388","2,593.34","2,532.96","2,593.4"
2022-11-24,"2,706.008","2,602.46","2,534.56","2,593.27"
2022-11-25,"2,703.666","2,609.59","2,536.2","2,593.79"
2022-11-28,"2,668.436","2,615.63","2,537.39","2,594.81"
2022-11-29,"2,663.247","2,621.47","2,538.7","2,595.96"
2022-11-30,"2,720.889","2,632.53","2,540.48","2,597.33"
2022-12-01,"2,741.077","2,646.19","2,542.22","2,599.41"
2022-12-02,"2,733.031","2,657.48","2,543.06","2,601.47"
2022-12-05,"2,696.296","2,665.61","2,542.68","2,603.15"
2022-12-06,"2,662.07","2,670.97","2,543.39","2,604.14"
2022-12-07,"2,654.343","2,678.2","2,544","2,605.12"
2022-12-08,"2,670.271","2,679.88","2,545.3","2,606.13"
2022-12-09,"2,662.858","2,679.32","2,546.86","2,606.49"
2022-12-12,"2,683.558","2,680.8","2,548.58","2,606.99"
2022-12-13,"2,715.49","2,682.67","2,551.27","2,608.09"
2022-12-14,"2,705.315","2,685.05","2,554.42","2,609.18"
2022-12-15,"2,636.915","2,684.78","2,556.88","2,609.93"
2022-12-16,"2,606.01","2,682.14","2,559.67","2,610.32"
2022-12-19,"2,585.891","2,679.41","2,562.63","2,610.47"
2022-12-20,"2,592.86","2,675.28","2,565.78","2,610.79"
2022-12-21,"2,626.917","2,671.76","2,568.91","2,611.34"
2022-12-22,"2,595.247","2,666.22","2,572.14","2,611.28"
2022-12-23,"2,605.186","2,661.3","2,575.92","2,611.29"
2022-12-26,"2,605.478","2,658.15","2,578.84","2,611.57"
2022-12-27,"2,600.943","2,655.03","2,580.33","2,611.96"
2022-12-28,"2,575.156","2,647.75","2,581.58","2,612.21"
2022-12-29,"2,611.979","2,641.29","2,583.81","2,612.97"
2022-12-30,"2,602.685","2,634.77","2,586.89","2,613.26"
2023-01-02,"2,607.249","2,630.32","2,590.42","2,613.59"
2023-01-03,"2,600.907","2,627.26","2,594.16","2,613.36"
2023-01-04,"2,624.351","2,625.76","2,598.44","2,613.2"
2023-01-05,"2,594.685","2,621.98","2,601.49","2,612.62"
2023-01-06,"2,649.761","2,621.33","2,606.04","2,612.61"
2023-01-09,"2,663.172","2,620.31","2,609.9","2,612.71"
2023-01-10,"2,671.204","2,618.1","2,613.45","2,613.1"
2023-01-11,"2,700.755","2,617.87","2,617.81","2,613.31"
2023-01-12,"2,720.093","2,622.03","2,622.66","2,613.4"
2023-01-13,"2,735.724","2,628.51","2,627.21","2,613.31"
2023-01-16,"2,735.883","2,636.01","2,631.26","2,613.2"
2023-01-17,"2,736.452","2,643.19","2,634.58","2,613.27"
2023-01-18,"2,713.537","2,647.52","2,637.54","2,612.92"
2023-01-19,"2,685.317","2,652.03","2,640.24","2,612.28"
2023-01-20,"2,725.396","2,658.04","2,642.97","2,612.06"
2023-01-23,"2,754.961","2,665.51","2,646.43","2,612.03"
2023-01-24,"2,755.961","2,673.26","2,649.92","2,612.13"
2023-01-25,"2,756.733","2,682.34","2,654.2","2,611.74"
2023-01-26,"2,777.619","2,690.62","2,659.37","2,611.54"
2023-01-27,"2,785.84","2,699.78","2,664.01","2,611.13"
2023-01-30,"2,759.316","2,707.38","2,667.77","2,610.44"
2023-01-31,"2,784.995","2,716.59","2,671.61","2,609.94"
2023-02-01,"2,809.936","2,725.87","2,676.61","2,609.84"
2023-02-02,"2,847.823","2,738.52","2,680.13","2,610.01"
2023-02-03,"2,820.735","2,747.07","2,682.57","2,610.29"
2023-02-06,"2,793.586","2,753.59","2,684.9","2,610.77"
2023-02-07,"2,820.491","2,761.06","2,687.27","2,611.52"
2023-02-08,"2,801.957","2,766.12","2,689.68","2,612.07"
2023-02-09,"2,790.531","2,769.64","2,692.15","2,612.25"
2023-02-10,"2,783.912","2,772.05","2,694.23","2,613"
2023-02-13,"2,810.036","2,775.76","2,697.06","2,614.17"
2023-02-14,"2,812.532","2,779.56","2,699.34","2,615.57"
2023-02-15,"2,815.454","2,784.66","2,701.31","2,617.14"
2023-02-16,"2,790.628","2,789.92","2,702.72","2,618.64"
2023-02-17,"2,779.877","2,792.65","2,703.99","2,620.09"
2023-02-20,"2,783.257","2,794.06","2,705.91","2,621.65"
2023-02-21,"2,740.378","2,793.28","2,707.19","2,622.94"
2023-02-22,"2,730.88","2,791.99","2,707.36","2,623.92"
2023-02-23,"2,737.414","2,789.98","2,707.3","2,624.76"
2023-02-24,"2,706.905","2,786.03","2,706.86","2,624.96"
2023-02-27,"2,721.63","2,784.15","2,707.28","2,624.98"
2023-02-28,"2,714.571","2,780.63","2,708.16","2,625.78"
2023-03-01,"2,706.786","2,775.47","2,709.03","2,626.52"
2023-03-02,"2,719.684","2,769.06","2,709.86","2,627.58"
2023-03-03,"2,757.97","2,765.92","2,711.44","2,629.15"
2023-03-06,"2,764.641","2,764.48","2,712.79","2,630.69"
2023-03-07,"2,724.804","2,759.69","2,712.95","2,632.11"
2023-03-08,"2,725.232","2,755.86","2,713.28","2,633.85"
2023-03-09,"2,691.168","2,750.89","2,714.18","2,635.53"
2023-03-10,"2,657.408","2,744.56","2,715.04","2,637.35"
2023-03-13,"2,643.642","2,736.24","2,716","2,639.31"
2023-03-14,"2,674.361","2,729.33","2,717.36","2,641.57"
2023-03-15,"2,638.463","2,720.48","2,717.55","2,643.23"
2023-03-16,"2,677.988","2,714.85","2,718.93","2,645.54"
2023-03-17,"2,656.192","2,708.67","2,719.78","2,647.85"
2023-03-20,"2,678.291","2,703.42","2,721","2,649.92"
2023-03-21,"2,711.839","2,701.99","2,722.85","2,651.59"
2023-03-22,"2,686.134","2,699.76","2,724.7","2,653.14"
2023-03-23,"2,696.854","2,697.73","2,726.11","2,654.96"
2023-03-24,"2,692.549","2,697.01","2,727.61","2,657.25"
2023-03-27,"2,702.416","2,696.05","2,729.19","2,659.81"
2023-03-28,"2,704.762","2,695.56","2,730.92","2,662.54"
2023-03-29,"2,739.419","2,697.19","2,732.84","2,665.64"
2023-03-30,"2,759.705","2,699.19","2,735.59","2,668.54"
2023-03-31,"2,791.438","2,700.87","2,737.95","2,672"
2023-04-03,"2,803.625","2,702.81","2,740.29","2,675.1"
2023-04-04,"2,796.779","2,706.41","2,742.39","2,677.92"
2023-04-05,"2,784.048","2,709.35","2,743.78","2,680.79"
2023-04-06,"2,790.1","2,714.3","2,744.94","2,683.8"
2023-04-07,"2,790.38","2,720.95","2,745.85","2,686.53"
2023-04-10,"2,786.202","2,728.08","2,746.69","2,688.98"
2023-04-11,"2,797.073","2,734.21","2,747.7","2,691.14"
2023-04-12,"2,795.48","2,742.06","2,749.07","2,693.3"
2023-04-13,"2,829.197","2,749.62","2,751.47","2,695.85"
2023-04-17,"2,827.238","2,758.18","2,753.16","2,698.07"
2023-04-18,"2,835.889","2,766.06","2,754.51","2,700.47"
2023-04-19,"2,833.39","2,772.13","2,755.8","2,702.86"
2023-04-20,"2,822.536","2,778.95","2,756.9","2,705.55"
2023-04-21,"2,823.074","2,785.27","2,757.66","2,708.51"
2023-04-24,"2,826.854","2,791.98","2,758.34","2,711.18"
2023-04-25,"2,789.542","2,796.34","2,758.84","2,713.31"
2023-04-26,"2,779.711","2,800.08","2,758.76","2,715.18"
2023-04-27,"2,815.768","2,803.9","2,758.85","2,717.73"
2023-04-28,"2,835.928","2,807.71","2,758.66","2,719.39"
2023-05-01,"2,833.595","2,809.82","2,758.87","2,720.72"
2023-05-02,"2,803.068","2,809.79","2,759.03","2,721.97"
2023-05-03,"2,796.309","2,809.77","2,758.62","2,722.95"
2023-05-04,"2,779.26","2,809.53","2,758.25","2,723.96"
2023-05-05,"2,821.99","2,811.12","2,758.77","2,725.46"
2023-05-08,"2,827.379","2,812.97","2,759.5","2,726.86"
2023-05-09,"2,815.288","2,814.43","2,759.58","2,728.32"
2023-05-10,"2,822.601","2,815.7","2,759.75","2,729.55"
2023-05-11,"2,814.857","2,816.67","2,759.74","2,730.53"
2023-05-12,"2,809.35","2,815.68","2,760.05","2,731.39"
2023-05-15,"2,819.469","2,815.29","2,760.71","2,732.35"
2023-05-16,"2,802.389","2,813.62","2,761.03","2,733.47"
2023-05-17,"2,820.922","2,812.99","2,762.37","2,734.78"
2023-05-18,"2,840.122","2,813.87","2,764.19","2,735.78"
2023-05-19,"2,842.761","2,814.86","2,765.95","2,736.62"
2023-05-22,"2,845.707","2,815.8","2,768.26","2,737.56"
2023-05-23,"2,816.847","2,817.17","2,769.85","2,738.57"
2023-05-24,"2,788.817","2,817.62","2,771.09","2,739.62"
2023-05-25,"2,796.862","2,816.68","2,772.59","2,740.81"
2023-05-26,"2,827.932","2,816.28","2,774.39","2,742.13"
2023-05-29,"2,830.425","2,816.12","2,775.6","2,743.52"
2023-05-30,"2,825.595","2,817.24","2,776.62","2,744.71"
2023-05-31,"2,800.557","2,817.46","2,777.88","2,745.41"
2023-06-01,"2,831.657","2,820.08","2,779.65","2,746.47"
2023-06-02,"2,873.365","2,822.65","2,782.69","2,748.44"
2023-06-05,"2,870.272","2,824.79","2,786.24","2,750.64"
2023-06-06,"2,877.966","2,827.92","2,790.14","2,753.07"
2023-06-07,"2,866.586","2,830.12","2,793.35","2,755.35"
2023-06-08,"2,882.132","2,833.49","2,797.41","2,757.48"
2023-06-09,"2,885.631","2,837.3","2,800.87","2,759.9"
2023-06-12,"2,906.014","2,841.63","2,805.03","2,762.41"
2023-06-13,"2,929.681","2,847.99","2,809.22","2,765.11"
2023-06-14,"2,939.591","2,853.93","2,813.02","2,767.93"
2023-06-15,"2,966.434","2,860.24","2,817.69","2,771.19"
2023-06-16,"2,962.336","2,866.22","2,822.11","2,774.11"
2023-06-19,"2,955.115","2,871.69","2,826.49","2,777.05"
2023-06-20,"2,939.538","2,877.83","2,830.44","2,779.82"
2023-06-21,"2,927.721","2,884.77","2,834.16","2,782.54"
2023-06-22,"2,930.366","2,891.45","2,837.34","2,785.09"
2023-06-23,"2,902.337","2,895.17","2,839.72","2,787.66"
2023-06-27,"2,921.193","2,899.7","2,841.88","2,789.92"
2023-06-28,"2,924.92","2,904.67","2,843.9","2,792.1"
2023-06-29,"2,933.864","2,911.34","2,846.19","2,794.29"
2023-06-30,"2,966.724","2,918.09","2,849.23","2,796.5"
2023-07-03,"2,972.03","2,923.02","2,852.26","2,798.6"
2023-07-04,"2,971.696","2,928.09","2,855.29","2,800.57"
2023-07-05,"2,960.757","2,932.23","2,858.2","2,802.44"
2023-07-06,"2,924.552","2,935.13","2,860.32","2,804.01"
2023-07-07,"2,924.192","2,937.23","2,862.46","2,805.77"
2023-07-11,"2,953.122","2,940.61","2,864.53","2,808"
2023-07-12,"2,987.19","2,944.67","2,867.2","2,810.18"
2023-07-13,"3,019.71","2,949.17","2,870.26","2,812.39"
2023-07-14,"3,017.936","2,953.09","2,873.34","2,814.57"
2023-07-17,"3,021.964","2,955.86","2,876.66","2,816.78"
2023-07-19,"3,047.986","2,960.15","2,880.41","2,819.03"
2023-07-20,"3,029.696","2,963.87","2,883.79","2,821.06"
2023-07-21,"3,028.709","2,968.33","2,887.77","2,823.31"
2023-07-24,"3,037.436","2,973.82","2,892.07","2,825.41"
2023-07-25,"3,045.389","2,979.57","2,895.9","2,827.38"
2023-07-26,"3,044.704","2,986.69","2,899.38","2,829.02"
2023-07-27,"3,034.413","2,992.35","2,902.72","2,830.8"
2023-07-28,"3,057.838","2,999","2,906.97","2,833"
2023-07-31,"3,064.297","3,005.52","2,911.44","2,835.03"
2023-08-01,"3,048.596","3,009.61","2,915.93","2,837.09"
2023-08-02,"3,000.535","3,011.04","2,918.9","2,838.84"
2023-08-03,"2,990.133","3,011.96","2,921.61","2,840.55"
2023-08-04,"2,986.544","3,013.25","2,924.47","2,842.03"
2023-08-07,"3,003.767","3,017.21","2,927.49","2,843.62"
2023-08-08,"2,988.097","3,020.4","2,930.37","2,845.06"
2023-08-09,"2,976.314","3,021.56","2,933.16","2,846.61"
2023-08-10,"2,984.811","3,021.44","2,935.91","2,848.31"
2023-08-11,"2,972.734","3,019.09","2,938.75","2,849.89"
2023-08-14,"2,976.857","3,017.04","2,941.35","2,851.86"
2023-08-15,"2,948.222","3,013.35","2,943.15","2,853.67"
2023-08-16,"2,925.633","3,007.24","2,944.53","2,855.24"
2023-08-17,"2,901.839","3,000.84","2,945.47","2,856.87"
2023-08-18,"2,897.504","2,994.28","2,946.81","2,858.33"
2023-08-21,"2,910.522","2,987.94","2,948.84","2,859.97"
2023-08-22,"2,909.186","2,981.13","2,950.71","2,861.65"
2023-08-23,"2,937.696","2,975.78","2,952.54","2,863.47"
2023-08-24,"2,906.254","2,969.37","2,953.81","2,864.7"
2023-08-25,"2,911.988","2,962.08","2,955.25","2,865.93"
2023-08-28,"2,935.707","2,955.65","2,957.5","2,867.69"
2023-08-29,"2,975.501","2,951.99","2,959.9","2,869.78"
2023-08-30,"2,991.523","2,951.54","2,961.87","2,872.28"
2023-09-01,"2,989.505","2,951.51","2,963.85","2,875.05"
2023-09-04,"2,990.17","2,951.69","2,965.72","2,877.93"
2023-09-05,"2,973.454","2,950.18","2,967.51","2,880.43"
2023-09-06,"2,955.815","2,948.56","2,968.73","2,883.07"
2023-09-07,"2,947.113","2,947.1","2,969.76","2,885.31"
2023-09-08,"2,948.807","2,945.3","2,970.47","2,887.75"
2023-09-11,"2,969.45","2,945.14","2,971.13","2,890.18"
2023-09-12,"2,955.869","2,944.09","2,971.41","2,892.21"
2023-09-13,"2,956.842","2,944.52","2,971.25","2,894.47"
2023-09-14,"2,982.685","2,947.37","2,971.58","2,896.85"
2023-09-15,"2,960.976","2,950.33","2,971.68","2,899.09"
2023-09-19,"2,951.171","2,953.01","2,971.88","2,901.16"
2023-09-20,"2,936.358","2,954.3","2,972.02","2,903.09"
2023-09-21,"2,886.071","2,953.15","2,971.28","2,904.31"
2023-09-22,"2,879.849","2,950.26","2,970.91","2,905.31"
2023-09-25,"2,879.786","2,948.93","2,970.22","2,906.05"
2023-09-26,"2,844.832","2,945.57","2,968.88","2,906.39"
2023-09-27,"2,840.816","2,940.83","2,967.33","2,906.76"
2023-09-28,"2,855.877","2,934.85","2,965.48","2,907.36"
2023-09-29,"2,853.235","2,927.93","2,963.5","2,907.88"
2023-10-02,"2,838.776","2,920.4","2,961.29","2,908.29"
2023-10-03,"2,799.636","2,910.87","2,958.6","2,908.4"
2023-10-04,"2,810.861","2,902.74","2,956.71","2,908.51"
2023-10-05,"2,816.432","2,895.77","2,954.91","2,908.69"
2023-10-06,"2,845.228","2,890.68","2,953.11","2,908.82"
2023-10-09,"2,858.705","2,886.17","2,950.97","2,909.08"
2023-10-10,"2,887.895","2,882.1","2,948.78","2,909.52"
2023-10-11,"2,899.504","2,879.28","2,946.8","2,910.07"
2023-10-12,"2,884.059","2,875.64","2,944.5","2,910.58"
2023-10-13,"2,862.144","2,869.61","2,941.41","2,910.91"
2023-10-16,"2,885.348","2,865.83","2,939","2,911.39"
2023-10-17,"2,888.619","2,862.7","2,936.67","2,912.22"
2023-10-18,"2,851.886","2,858.48","2,933.57","2,912.82"
2023-10-19,"2,824.449","2,855.4","2,929.89","2,912.89"
2023-10-23,"2,786.748","2,850.74","2,925.59","2,912.48"
2023-10-24,"2,801.964","2,846.85","2,921.72","2,912.22"
2023-10-25,"2,772.108","2,843.21","2,916.96","2,911.96"
2023-10-26,"2,740.964","2,838.22","2,911.57","2,911.5"
2023-10-27,"2,731.992","2,832.03","2,906.29","2,911.11"
2023-10-30,"2,757.589","2,827.25","2,902.24","2,910.57"
2023-10-31,"2,768.621","2,823.74","2,898.55","2,910.08"
2023-11-01,"2,797.491","2,823.63","2,895.4","2,909.93"
2023-11-02,"2,852.553","2,825.71","2,892.88","2,910.18"
2023-11-03,"2,883.801","2,829.08","2,891.14","2,910.76"
2023-11-06,"2,889.437","2,831.29","2,889.69","2,911.42"
2023-11-07,"2,887.393","2,832.73","2,888.07","2,911.99"
2023-11-08,"2,888.41","2,832.75","2,886.66","2,912.71"
2023-11-09,"2,878.977","2,831.73","2,885.03","2,913.19"
2023-11-13,"2,904.642","2,832.76","2,884.3","2,913.73"
2023-11-14,"2,963.356","2,837.82","2,884.93","2,914.73"
2023-11-15,"2,975.191","2,842.31","2,886.16","2,915.81"
2023-11-16,"2,973.003","2,846.53","2,887.41","2,917.11"
2023-11-21,"2,999.868","2,853.93","2,888.9","2,918.87"
2023-11-22,"3,004.758","2,862.94","2,890.5","2,920.61"
2023-11-23,"3,008.742","2,874.04","2,891.68","2,922.11"
2023-11-24,"3,015.19","2,884.7","2,893.5","2,923.65"
2023-11-27,"3,007.992","2,896.5","2,895.1","2,925.17"
2023-11-28,"3,012.568","2,910.08","2,896.38","2,926.94"
2023-11-29,"3,013.93","2,924.18","2,897.02","2,928.46"
2023-12-01,"3,040.696","2,938.33","2,897.84","2,929.85"
2023-12-04,"3,026.586","2,951.23","2,898.45","2,931.15"
2023-12-05,"3,023.222","2,962.52","2,899.01","2,932.36"
2023-12-06,"3,020.982","2,970.94","2,899.8","2,933.65"
2023-12-07,"3,037.45","2,978.62","2,901.16","2,934.95"
2023-12-08,"3,047.214","2,986.51","2,902.83","2,936.29"
2023-12-11,"3,056.417","2,994.96","2,904.62","2,937.55"
2023-12-12,"3,067.443","3,003.91","2,906.25","2,938.69"
2023-12-13,"3,101.079","3,015.02","2,908.67","2,940.04"
2023-12-14,"3,128.893","3,026.23","2,911.54","2,941.39"
2023-12-15,"3,126.138","3,034.37","2,913.93","2,942.76"
2023-12-18,"3,131.349","3,042.18","2,916.77","2,944.23"
2023-12-19,"3,153.345","3,051.19","2,920.14","2,946.01"
2023-12-20,"3,121.79","3,057.29","2,923.23","2,947.63"
2023-12-21,"3,145.089","3,064.31","2,927.55","2,949.42"
2023-12-22,"3,152.258","3,071.48","2,932.09","2,951.5"
2023-12-25,"3,152.493","3,078.35","2,936.63","2,953.43"
2023-12-26,"3,162.651","3,086.08","2,941.93","2,955.41"
2023-12-27,"3,175.652","3,094.23","2,947.51","2,957.42"
2023-12-28,"3,178.048","3,102.44","2,952.88","2,959.18"
2023-12-29,"3,169.18","3,108.86","2,958.15","2,960.83"
2024-01-01,"3,169.253","3,116","2,963.65","2,962.47"
2024-01-02,"3,145.419","3,122.11","2,969.42","2,964.01"
2024-01-03,"3,115.682","3,126.84","2,974.5","2,965.6"
2024-01-04,"3,114.121","3,130.68","2,979.46","2,967.19"
2024-01-05,"3,120.549","3,134.34","2,984.05","2,968.58"
2024-01-08,"3,153.617","3,139.2","2,988.96","2,969.97"
2024-01-09,"3,146.968","3,143.18","2,993.28","2,971.03"
2024-01-10,"3,161.498","3,146.2","2,997.65","2,972.22"
2024-01-11,"3,157.324","3,147.62","3,002.2","2,973.35"
2024-01-12,"3,168.307","3,149.73","3,007.31","2,974.36"
2024-01-15,"3,165.14","3,151.42","3,011.97","2,975.48"
2024-01-16,"3,146.043","3,151.05","3,016.26","2,976.46"
2024-01-17,"3,120.436","3,150.99","3,020.73","2,977.15"
2024-01-18,"3,143.201","3,150.89","3,026.05","2,977.97"
2024-01-19,"3,175.362","3,152.05","3,032.52","2,979.06"
2024-01-22,"3,189.097","3,153.88","3,038.98","2,980.35"
2024-01-23,"3,190.904","3,155.29","3,045.96","2,981.46"
2024-01-24,"3,203.552","3,156.69","3,053.67","2,982.62"
2024-01-25,"3,212.324","3,158.4","3,061.67","2,983.98"
2024-01-26,"3,216.234","3,160.75","3,069.32","2,985.78"
2024-01-29,"3,236.323","3,164.11","3,077.11","2,987.83"
2024-01-30,"3,236.762","3,168.67","3,084.43","2,989.91"
2024-01-31,"3,205.317","3,173.15","3,090.31","2,991.59"
2024-02-01,"3,226.797","3,178.79","3,096.03","2,993.58"
2024-02-02,"3,247.642","3,185.14","3,102","2,995.84"
2024-02-05,"3,233.531","3,189.14","3,107.77","2,997.92"
2024-02-06,"3,244.513","3,194.02","3,113.7","3,000.18"
2024-02-07,"3,265.066","3,199.19","3,120.14","3,002.58"
2024-02-08,"3,266.139","3,204.63","3,126.16","3,005.23"
2024-02-12,"3,281.008","3,210.27","3,131.46","3,008.19"
2024-02-13,"3,240.26","3,214.03","3,135.87","3,011.01"
2024-02-14,"3,265.665","3,220.01","3,140.75","3,014.08"
2024-02-15,"3,289.742","3,228.47","3,145.58","3,017.24"
2024-02-16,"3,285.119","3,235.57","3,150.26","3,020.38"
2024-02-19,"3,286.861","3,241.14","3,154.89","3,023.29"
2024-02-20,"3,274.333","3,245.4","3,159.21","3,026.35"
2024-02-21,"3,272.19","3,249.47","3,163.61","3,029.35"
2024-02-22,"3,329.859","3,255.78","3,168.9","3,032.64"
2024-02-23,"3,334.043","3,261.87","3,174.24","3,035.63"
2024-02-26,"3,325.785","3,267.35","3,178.99","3,038.41"
2024-02-27,"3,331.881","3,272.13","3,184.08","3,041.27"
2024-02-28,"3,322.642","3,276.42","3,189.07","3,044.04"
2024-02-29,"3,337.204","3,283.01","3,194.34","3,047.07"
2024-03-01,"3,364.044","3,289.88","3,199.78","3,050.47"
2024-03-04,"3,362.276","3,295.61","3,205.03","3,053.93"
2024-03-05,"3,337.197","3,300.79","3,209.71","3,057.17"
2024-03-06,"3,357.029","3,306.42","3,214.54","3,060.4"
2024-03-07,"3,391.255","3,312.73","3,219.37","3,064.02"
2024-03-08,"3,380.138","3,318.43","3,223.56","3,067.55"
2024-03-11,"3,367.077","3,322.73","3,227.58","3,070.75"
2024-03-12,"3,397.253","3,330.58","3,232.01","3,074.39"
2024-03-13,"3,396.185","3,337.11","3,236.06","3,078.1"
2024-03-14,"3,382.48","3,341.74","3,240.4","3,081.82"
2024-03-15,"3,363.034","3,345.64","3,244.03","3,085.79"
2024-03-18,"3,380.666","3,350.33","3,247.84","3,089.96"
2024-03-19,"3,393.368","3,356.28","3,251.85","3,094.24"
2024-03-20,"3,414.886","3,363.42","3,256.06","3,098.99"
2024-03-21,"3,434.691","3,368.66","3,260.38","3,103.94"
2024-03-22,"3,428.123","3,373.36","3,264.54","3,108.71"
2024-03-25,"3,420.177","3,378.08","3,268.73","3,113.44"
2024-03-26,"3,414.287","3,382.2","3,272.81","3,118.23"
2024-03-27,"3,436.982","3,387.92","3,277.67","3,123.54"
2024-03-28,"3,436.781","3,392.9","3,283.02","3,128.76"
2024-03-29,"3,437.76","3,396.58","3,288.42","3,133.94"
2024-04-01,"3,424.731","3,399.71","3,293.49","3,138.77"
2024-04-02,"3,403.4","3,403.02","3,297.65","3,143.31"
2024-04-03,"3,409.618","3,405.64","3,302.03","3,147.65"
2024-04-04,"3,386.308","3,405.4","3,305.77","3,151.71"
2024-04-05,"3,402.357","3,406.51","3,309.86","3,156.03"
2024-04-09,"3,412.091","3,408.76","3,313.92","3,160.61"
2024-04-10,"3,379.725","3,407.88","3,317.5","3,164.73"
2024-04-11,"3,391.011","3,407.62","3,321.58","3,168.92"
2024-04-15,"3,317.678","3,404.38","3,324.87","3,172.8"
2024-04-16,"3,297.138","3,401.09","3,327.43","3,176.74"
2024-04-17,"3,281.114","3,396.11","3,329.19","3,180.86"
2024-04-18,"3,280.101","3,390.45","3,330.71","3,184.84"
2024-04-19,"3,255.621","3,382.48","3,331.79","3,188.87"
2024-04-22,"3,282.091","3,374.85","3,333.1","3,193.38"
2024-04-23,"3,322.537","3,369.58","3,334.94","3,198.3"
2024-04-24,"3,323.288","3,364.73","3,336.72","3,203.02"
2024-04-25,"3,306.678","3,359.35","3,337.89","3,207.5"
2024-04-26,"3,335.077","3,354.26","3,339.53","3,211.98"
2024-04-29,"3,347.041","3,349.77","3,341.89","3,216.1"
2024-04-30,"3,305.296","3,343.15","3,343.2","3,219.61"
2024-05-01,"3,294.005","3,336.61","3,343.97","3,222.99"
2024-05-02,"3,321.81","3,332.53","3,345.45","3,226.61"
2024-05-03,"3,361.413","3,330.12","3,347.39","3,230.55"
2024-05-06,"3,391.132","3,330.36","3,349.49","3,234.82"
2024-05-07,"3,401.767","3,330.33","3,351.76","3,238.96"
2024-05-08,"3,395.637","3,329.51","3,353.67","3,242.56"
2024-05-09,"3,411.11","3,331.08","3,356.51","3,246.19"
2024-05-10,"3,419.923","3,332.52","3,359.08","3,249.92"
2024-05-15,"3,472.264","3,340.25","3,362.13","3,253.85"
2024-05-16,"3,468.712","3,348.83","3,365.19","3,257.72"
2024-05-17,"3,472.519","3,358.4","3,368.28","3,261.59"
2024-05-20,"3,477.066","3,368.25","3,371.66","3,265.43"
2024-05-21,"3,479.841","3,379.46","3,375.12","3,269.37"
2024-05-22,"3,465.553","3,388.63","3,377.38","3,273.14"
2024-05-23,"3,446.425","3,394.83","3,379.25","3,276.75"
2024-05-24,"3,462.133","3,401.77","3,381.53","3,280.26"
2024-05-27,"3,468.131","3,409.84","3,383.8","3,283.94"
2024-05-28,"3,464.613","3,416.32","3,386.16","3,287.62"
2024-05-29,"3,430.005","3,420.47","3,387.71","3,291.02"
2024-05-30,"3,420.32","3,426.22","3,388.65","3,294.21"
2024-05-31,"3,445.172","3,433.78","3,390.03","3,297.53"
2024-06-03,"3,453.441","3,440.36","3,391.97","3,300.84"
2024-06-04,"3,453.709","3,444.97","3,393.58","3,304.06"
2024-06-05,"3,483.397","3,449.59","3,395.11","3,307.24"
2024-06-06,"3,489.894","3,453.99","3,396.94","3,310.25"
2024-06-07,"3,478.7","3,458.15","3,398.8","3,313.19"
2024-06-10,"3,482.224","3,461.7","3,400.22","3,316.11"
2024-06-11,"3,479.942","3,464.7","3,401.62","3,318.84"
2024-06-12,"3,516.299","3,466.9","3,403.85","3,322.12"
2024-06-13,"3,504.475","3,468.69","3,406.2","3,325.12"
2024-06-14,"3,492.053","3,469.67","3,408.06","3,327.95"
2024-06-17,"3,508.248","3,471.23","3,409.98","3,330.91"
2024-06-18,"3,522.68","3,473.37","3,411.77","3,333.91"
2024-06-19,"3,523.663","3,476.28","3,413.25","3,336.82"
2024-06-20,"3,519.68","3,479.94","3,414.78","3,339.66"
2024-06-21,"3,507.808","3,482.22","3,416.24","3,342.48"
2024-06-24,"3,508.947","3,484.26","3,417.82","3,345.31"
2024-06-25,"3,520.731","3,487.07","3,419.21","3,348.44"
2024-06-26,"3,520.208","3,491.58","3,420.61","3,351.81"
2024-06-27,"3,521.9","3,496.66","3,422.01","3,355.21"
2024-06-28,"3,511.782","3,499.99","3,423.46","3,358.47"
2024-07-01,"3,519.949","3,503.31","3,425.4","3,361.52"
2024-07-02,"3,537.507","3,507.5","3,427.53","3,364.78"
2024-07-03,"3,562.227","3,511.45","3,430.46","3,368.12"
2024-07-04,"3,569.361","3,515.42","3,433.25","3,371.55"
2024-07-05,"3,580.903","3,520.53","3,436.06","3,374.99"
2024-07-08,"3,582.696","3,525.55","3,439.44","3,378.47"
2024-07-09,"3,579.329","3,530.52","3,442.58","3,382.08"
2024-07-11,"3,606.149","3,535.01","3,447.39","3,386.13"
2024-07-12,"3,627.516","3,541.17","3,452.9","3,390.16"
2024-07-15,"3,629.577","3,548.04","3,458.7","3,393.95"
2024-07-16,"3,642.951","3,554.78","3,464.75","3,397.73"
2024-07-17,"3,607.736","3,559.03","3,470.62","3,401.21"
2024-07-18,"3,579.836","3,561.84","3,475.58","3,404.34"
2024-07-19,"3,553.764","3,563.54","3,479.44","3,407.19"
2024-07-22,"3,584.664","3,567.39","3,483.79","3,410.26"
2024-07-23,"3,580.865","3,570.98","3,488.36","3,413.13"
2024-07-24,"3,515.968","3,570.74","3,491.38","3,415.45"
2024-07-25,"3,490.817","3,569.27","3,493.77","3,417.83"
2024-07-26,"3,524.08","3,569.38","3,497.42","3,420.31"
2024-07-29,"3,526.514","3,570.12","3,501.3","3,422.63"
2024-07-30,"3,514.37","3,569.84","3,504.5","3,424.98"
2024-07-31,"3,571.575","3,571.54","3,508.01","3,427.7"
2024-08-01,"3,518.005","3,569.33","3,510.12","3,429.81"
2024-08-02,"3,448.8","3,563.31","3,510.91","3,431.33"
2024-08-05,"3,342.729","3,551.4","3,510.02","3,431.84"
2024-08-06,"3,380.908","3,541.31","3,509.52","3,433.02"
2024-08-07,"3,372.32","3,530.96","3,508.73","3,433.91"
2024-08-08,"3,427.784","3,522.04","3,507.99","3,435.06"
2024-08-09,"3,447.746","3,513.05","3,507.64","3,436.41"
2024-08-12,"3,446.331","3,503.89","3,507.2","3,437.74"
2024-08-13,"3,501.908","3,496.84","3,507.61","3,439.64"
2024-08-14,"3,522.415","3,492.57","3,508.32","3,441.72"
2024-08-15,"3,568.103","3,491.98","3,510.03","3,443.71"
2024-08-16,"3,584.193","3,493.5","3,512.33","3,445.79"
2024-08-19,"3,618.408","3,495.19","3,514.93","3,448.23"
2024-08-20,"3,615.767","3,496.94","3,517.39","3,450.6"
2024-08-21,"3,630.661","3,502.67","3,520.16","3,453.16"
2024-08-22,"3,607.634","3,508.51","3,523.12","3,455.42"
2024-08-23,"3,649.558","3,514.79","3,526.94","3,457.8"
2024-08-26,"3,641.806","3,520.55","3,530.22","3,460.13"
2024-08-27,"3,647.297","3,527.2","3,533.45","3,462.71"
2024-08-28,"3,631.195","3,530.18","3,536.41","3,464.99"
2024-08-29,"3,632.155","3,535.89","3,538.89","3,467"
2024-08-30,"3,661.241","3,546.51","3,541.74","3,469.34"
2024-09-02,"3,659.436","3,562.34","3,544.76","3,471.78"
2024-09-03,"3,595.44","3,573.07","3,546.64","3,473.43"
2024-09-04,"3,580.058","3,583.46","3,548.31","3,474.96"
2024-09-05,"3,567.494","3,590.44","3,549.17","3,476.51"
2024-09-06,"3,518.583","3,593.98","3,549.4","3,477.8"
2024-09-09,"3,546.401","3,598.99","3,550.31","3,479.18"
2024-09-10,"3,552.028","3,601.49","3,551.04","3,480.51"
2024-09-11,"3,578.649","3,604.31","3,551.97","3,481.87"
2024-09-12,"3,611.299","3,606.47","3,553.43","3,483.34"
2024-09-13,"3,634.856","3,609","3,555.35","3,485.06"
2024-09-16,"3,640.732","3,610.11","3,557.56","3,486.9"
2024-09-17,"3,640.502","3,611.35","3,559.76","3,488.79"
2024-09-18,"3,629.692","3,611.3","3,561.57","3,490.39"
2024-09-19,"3,689.521","3,615.4","3,564.39","3,492.5"
2024-09-20,"3,676.837","3,616.76","3,566.98","3,494.49"
2024-09-23,"3,688.334","3,619.09","3,569.92","3,496.69"
2024-09-24,"3,702.331","3,621.84","3,572.96","3,499.18"
2024-09-25,"3,695.891","3,625.07","3,575.6","3,501.57"
2024-09-26,"3,720.508","3,629.49","3,578.24","3,504.35"
2024-09-27,"3,726.795","3,632.77","3,580.86","3,507.05"
2024-09-30,"3,723.032","3,635.95","3,583.23","3,509.65"
2024-10-01,"3,693.496","3,640.85","3,585.08","3,512.26"
2024-10-02,"3,685.924","3,646.15","3,586.85","3,514.72"
2024-10-03,"3,675.885","3,651.56","3,588.02","3,517.7"
2024-10-04,"3,698.412","3,660.56","3,589.2","3,521.05"
2024-10-07,"3,678.749","3,667.17","3,590.02","3,524.36"
2024-10-08,"3,694.302","3,674.29","3,590.87","3,527.81"
2024-10-09,"3,716.171","3,681.16","3,592.68","3,531.65"
2024-10-10,"3,710.71","3,686.13","3,594.86","3,535.22"
2024-10-11,"3,731.928","3,690.99","3,597.83","3,538.63"
2024-10-14,"3,753.486","3,696.63","3,600.64","3,542.22"
2024-10-15,"3,728.398","3,701.02","3,603.1","3,545.73"
2024-10-16,"3,735.292","3,706.3","3,606.76","3,549.07"
2024-10-17,"3,737.867","3,708.72","3,610.88","3,552.32"
2024-10-18,"3,753.041","3,712.53","3,614.69","3,556.06"
2024-10-21,"3,740.268","3,715.12","3,618.25","3,559.77"
2024-10-22,"3,731.325","3,716.57","3,621.87","3,563.19"
2024-10-23,"3,697.599","3,716.66","3,623.97","3,565.99"
2024-10-24,"3,707.182","3,715.99","3,627.12","3,568.62"
2024-10-25,"3,705.81","3,714.94","3,631.41","3,571.16"
2024-10-28,"3,716.609","3,714.62","3,637.64","3,573.83"
2024-10-29,"3,717.86","3,715.84","3,643.25","3,576.39"
2024-10-30,"3,706.285","3,716.86","3,648.82","3,578.77"
2024-10-31,"3,647.137","3,715.42","3,652.48","3,580.23"
2024-11-01,"3,660.032","3,713.5","3,656.01","3,581.83"
2024-11-04,"3,656.143","3,712.37","3,659.51","3,583.36"
2024-11-05,"3,692.957","3,712.31","3,662.7","3,585.15"
2024-11-06,"3,752.149","3,714.1","3,666.52","3,587.42"
2024-11-07,"3,787.268","3,717.93","3,670.18","3,590.11"
2024-11-08,"3,791.228","3,720.9","3,673.63","3,592.98"
2024-11-11,"3,795.298","3,722.99","3,676.58","3,595.75"
2024-11-12,"3,773.232","3,725.23","3,679.2","3,598.3"
2024-11-13,"3,767.055","3,726.82","3,681.47","3,600.82"
2024-11-14,"3,752.697","3,727.56","3,683.89","3,603.51"
2024-11-15,"3,710.501","3,725.43","3,684.91","3,605.92"
2024-11-18,"3,723.358","3,724.59","3,686.27","3,608.24"
2024-11-19,"3,738.952","3,724.97","3,687.79","3,610.62"
2024-11-20,"3,732.767","3,726.73","3,689.49","3,612.95"
2024-11-21,"3,753.51","3,729.04","3,691.51","3,615.2"
2024-11-22,"3,765.965","3,732.05","3,693.25","3,617.5"
2024-11-25,"3,781.788","3,735.31","3,695.29","3,620.03"
2024-11-27,"3,786.042","3,738.72","3,698.47","3,622.56"
2024-11-28,"3,789.279","3,742.87","3,701.96","3,625.13"
2024-11-29,"3,810.141","3,751.02","3,706","3,627.58"
2024-12-02,"3,817.72","3,758.9","3,710.99","3,630.19"
2024-12-03,"3,830.115","3,767.6","3,715.72","3,633.01"
2024-12-04,"3,849.718","3,775.44","3,720.68","3,635.86"
2024-12-05,"3,848.481","3,780.26","3,725.17","3,638.57"
2024-12-06,"3,855.068","3,783.65","3,729.24","3,641.33"
2024-12-09,"3,837.627","3,785.97","3,732.62","3,643.98"
2024-12-10,"3,816.757","3,787.04","3,735.55","3,646.56"
2024-12-11,"3,842.385","3,790.5","3,738.92","3,649.34"
2024-12-13,"3,817.237","3,793.01","3,742.04","3,651.81"
2024-12-16,"3,826.994","3,796.72","3,744.33","3,654.36"
2024-12-17,"3,812.072","3,801.8","3,746.59","3,656.78"
2024-12-18,"3,720.409","3,801.65","3,747.12","3,658.52"
2024-12-19,"3,696.054","3,799.51","3,747.02","3,659.99"
2024-12-20,"3,723.222","3,799.03","3,747.47","3,661.54"
2024-12-23,"3,745.128","3,798.61","3,747.88","3,663.06"
2024-12-24,"3,777.892","3,799.21","3,748.73","3,664.8"
2024-12-25,"3,778.529","3,799.04","3,749.66","3,666.44"
2024-12-26,"3,778.695","3,798.68","3,751.08","3,668.08"
2024-12-27,"3,755.355","3,796.98","3,752.24","3,669.54"
2024-12-30,"3,718.939","3,792.42","3,752.95","3,670.48"
2024-12-31,"3,707.837","3,786.93","3,753.11","3,671.15"
2025-01-01,"3,707.876","3,780.81","3,753.6","3,671.81"
2025-01-02,"3,702.679","3,773.46","3,753.74","3,672.3"
2025-01-03,"3,737.501","3,767.91","3,754.09","3,673.39"
2025-01-06,"3,763.146","3,763.32","3,754.96","3,674.91"
2025-01-07,"3,733.549","3,758.11","3,754.99","3,676.41"
2025-01-08,"3,732.2","3,753.88","3,754.64","3,677.64"
2025-01-09,"3,732.14","3,748.37","3,754.7","3,678.9"
2025-01-10,"3,678.224","3,741.42","3,753.75","3,680.25"
2025-01-13,"3,674.915","3,733.82","3,752.7","3,681.79"
2025-01-14,"3,682.461","3,727.34","3,751.52","3,683.11"
2025-01-15,"3,744.474","3,728.54","3,751.59","3,684.92"
2025-01-16,"3,746.86","3,731.08","3,751.85","3,686.86"
2025-01-17,"3,777.85","3,733.81","3,753.19","3,688.58"
2025-01-20,"3,788.381","3,735.98","3,754.54","3,690.83"
2025-01-21,"3,817.277","3,737.94","3,756.4","3,693.9"
2025-01-22,"3,838.185","3,740.93","3,758.43","3,698.03"
2025-01-23,"3,856.169","3,744.8","3,760.73","3,701.99"
2025-01-24,"3,856.779","3,749.87","3,763.24","3,706.03"
2025-01-27,"3,813.33","3,754.59","3,766.01","3,709.24"
