Date,Price,MA20,MA60,MA120,MA240
2020-02-21,597.99,594.03,588,589.11,579.07
2020-02-24,599.81,594.5,588.22,589.13,579.26
2020-02-25,601.24,594.89,588.44,589.16,579.46
2020-02-26,601.09,595.32,588.66,589.18,579.66
2020-02-27,601.51,595.71,588.9,589.2,579.86
2020-02-28,605.62,596.25,589.26,589.25,580.08
2020-03-02,606.24,596.77,589.57,589.35,580.31
2020-03-03,607.56,597.38,589.93,589.44,580.54
2020-03-04,608.38,598.12,590.32,589.57,580.78
2020-03-05,609.25,599,590.74,589.72,581.01
2020-03-06,616.25,600.22,591.27,589.94,581.26
2020-03-09,621.36,601.59,591.88,590.2,581.53
2020-03-10,613.62,602.53,592.34,590.43,581.77
2020-03-11,613.54,603.5,592.85,590.65,582.01
2020-03-12,609.27,604.31,593.25,590.83,582.24
2020-03-13,604.04,604.84,593.58,590.95,582.44
2020-03-16,605.26,605.41,593.93,591.07,582.64
2020-03-17,599.36,605.63,594.19,591.15,582.82
2020-03-18,591.58,605.46,594.34,591.14,582.97
2020-03-19,595.05,605.4,594.54,591.14,583.12
2020-03-23,607.3,605.87,594.95,591.26,583.32
2020-03-24,605.72,606.16,595.33,591.36,583.51
2020-03-25,604.34,606.32,595.68,591.45,583.68
2020-03-26,607.79,606.65,596.07,591.57,583.88
2020-03-30,611.03,607.13,596.54,591.72,584.08
2020-03-31,608.52,607.27,596.96,591.85,584.27
2020-04-01,609.98,607.46,597.4,591.96,584.46
2020-04-02,610.24,607.59,597.8,592.08,584.67
2020-04-03,610.83,607.72,598.21,592.2,584.88
2020-04-06,608.96,607.7,598.61,592.31,585.08
2020-04-07,606.56,607.22,598.98,592.41,585.28
2020-04-08,606.24,606.46,599.36,592.53,585.47
2020-04-09,607.88,606.17,599.74,592.68,585.67
2020-04-13,607.35,605.87,600.13,592.83,585.87
2020-04-14,606.63,605.73,600.49,592.98,586.06
2020-04-15,609.2,605.99,600.88,593.15,586.26
2020-04-16,610.28,606.24,601.3,593.33,586.47
2020-04-17,609.14,606.73,601.7,593.52,586.68
2020-04-20,608.75,607.59,602.06,593.69,586.9
2020-04-21,609.61,608.32,602.44,593.87,587.11
2020-04-22,608.51,608.38,602.76,594.03,587.32
2020-04-23,609.84,608.58,603.08,594.21,587.53
2020-04-24,611.02,608.92,603.37,594.42,587.75
2020-04-27,609.98,609.03,603.67,594.62,587.97
2020-04-28,611.42,609.05,603.96,594.83,588.18
2020-04-29,611.43,609.19,604.24,595,588.4
2020-04-30,612.31,609.31,604.51,595.19,588.61
2020-05-01,611.81,609.39,604.79,595.39,588.83
2020-05-04,611.44,609.42,605.09,595.61,589.04
2020-05-05,610.79,609.51,605.4,595.81,589.25
2020-05-06,608.52,609.61,605.68,596.02,589.45
2020-05-07,610.46,609.82,605.96,596.26,589.66
2020-05-08,609.81,609.92,606.2,596.49,589.86
2020-05-11,607.98,609.95,606.44,596.69,590.06
2020-05-12,609.32,610.08,606.71,596.9,590.25
2020-05-13,610.55,610.15,606.99,597.11,590.46
2020-05-14,611.24,610.2,607.28,597.32,590.66
2020-05-15,610.54,610.27,607.54,597.53,590.86
2020-05-18,608.26,610.24,607.76,597.71,591.05
2020-05-19,609.04,610.21,607.98,597.89,591.24
2020-05-20,610.07,610.29,608.18,598.09,591.43
2020-05-21,610.74,610.34,608.36,598.29,591.63
2020-05-22,611.21,610.35,608.53,598.48,591.83
2020-05-26,609.34,610.31,608.66,598.66,592.02
2020-05-27,610.22,610.25,608.81,598.86,592.22
2020-05-28,609.93,610.18,608.88,599.07,592.4
2020-05-29,611.13,610.12,608.96,599.27,592.59
2020-06-01,609.89,610.02,609,599.47,592.77
2020-06-02,609.45,609.92,609.02,599.67,592.94
2020-06-03,606.88,609.73,608.98,599.86,593.1
2020-06-04,605.81,609.59,608.81,600.04,593.25
2020-06-05,603.68,609.25,608.51,600.19,593.38
2020-06-08,604.63,609,608.36,600.35,593.52
2020-06-09,606.29,608.91,608.24,600.54,593.66
2020-06-10,607.66,608.83,608.21,600.73,593.81
2020-06-11,611.09,608.85,608.33,600.96,593.96
2020-06-12,610.31,608.81,608.42,601.17,594.12
2020-06-15,610.56,608.81,608.6,601.4,594.28
2020-06-16,609.24,608.86,608.9,601.62,594.42
2020-06-17,609.69,608.89,609.14,601.84,594.56
2020-06-18,610.41,608.91,609.19,602.07,594.7
2020-06-19,610.33,608.89,609.27,602.3,594.84
2020-06-22,611.01,608.88,609.38,602.53,594.98
2020-06-23,610.32,608.93,609.42,602.75,595.11
2020-06-24,611.42,608.99,609.43,602.98,595.25
2020-06-25,612.26,609.1,609.49,603.23,595.38
2020-06-26,612.99,609.2,609.54,603.47,595.52
2020-06-29,612.86,609.34,609.59,603.69,595.66
2020-06-30,612.24,609.48,609.61,603.91,595.81
2020-07-01,610.46,609.66,609.63,604.12,595.95
2020-07-02,611.47,609.95,609.72,604.35,596.1
2020-07-06,611.35,610.33,609.8,604.58,596.24
2020-07-07,612.41,610.72,609.88,604.81,596.39
2020-07-08,612.94,611.05,609.97,605.05,596.54
2020-07-09,614.45,611.39,610.1,605.3,596.68
2020-07-10,614.09,611.54,610.18,605.53,596.83
2020-07-13,612.77,611.66,610.22,605.76,596.97
2020-07-14,614.16,611.84,610.31,606,597.12
2020-07-15,613.36,612.05,610.38,606.22,597.25
2020-07-16,614.4,612.29,610.46,606.45,597.4
2020-07-17,613.86,612.46,610.55,606.66,597.54
2020-07-20,614.54,612.67,610.63,606.86,597.69
2020-07-21,614.86,612.86,610.69,607.03,597.83
2020-07-22,615.81,613.14,610.79,607.23,597.98
2020-07-23,616.37,613.38,610.87,607.42,598.12
2020-07-24,615.87,613.56,610.95,607.59,598.24
2020-07-27,616.18,613.72,611.01,607.76,598.36
2020-07-28,616.85,613.92,611.1,607.94,598.48
2020-07-29,616.7,614.15,611.18,608.14,598.59
2020-07-30,618.19,614.53,611.31,608.36,598.71
2020-07-31,618.11,614.86,611.47,608.57,598.83
2020-08-03,617.13,615.15,611.58,608.77,598.94
2020-08-04,618.91,615.48,611.73,608.97,599.05
2020-08-05,617.67,615.71,611.89,609.16,599.15
2020-08-06,618.5,615.92,612.04,609.38,599.24
2020-08-07,617.68,616.1,612.16,609.58,599.33
2020-08-10,617.62,616.34,612.27,609.78,599.42
2020-08-11,614.76,616.37,612.34,609.94,599.5
2020-08-12,613.73,616.39,612.43,610.1,599.59
2020-08-13,612.24,616.28,612.49,610.23,599.66
2020-08-14,612.11,616.19,612.52,610.35,599.73
2020-08-17,613.2,616.12,612.56,610.46,599.8
2020-08-18,613.74,616.07,612.6,610.56,599.86
2020-08-19,613.67,615.96,612.67,610.67,599.93
2020-08-20,614.45,615.87,612.74,610.78,599.99
2020-08-21,614.55,615.8,612.82,610.85,600.05
2020-08-24,614.65,615.72,612.88,610.92,600.13
2020-08-25,612.58,615.51,612.93,610.96,600.2
2020-08-26,611.96,615.27,612.97,610.99,600.28
2020-08-27,610.24,614.88,613.02,611,600.36
2020-08-28,610.5,614.49,613.1,610.95,600.45
2020-09-01,611.97,614.24,613.24,610.88,600.54
2020-09-02,613.94,613.99,613.39,610.88,600.66
2020-09-03,614.98,613.85,613.54,610.89,600.77
2020-09-04,612.38,613.55,613.62,610.92,600.87
2020-09-08,613.78,613.35,613.66,611,600.97
2020-09-09,612.83,613.11,613.71,611.06,601.07
2020-09-10,612.97,613.02,613.75,611.17,601.16
2020-09-11,614.5,613.06,613.83,611.36,601.25
2020-09-14,614.7,613.18,613.92,611.53,601.34
2020-09-15,614.52,613.31,613.98,611.59,601.43
2020-09-16,614.48,613.37,614.05,611.66,601.51
2020-09-17,615.19,613.44,614.12,611.75,601.6
2020-09-18,614.6,613.49,614.2,611.81,601.69
2020-09-21,615.75,613.55,614.27,611.85,601.78
2020-09-22,615.77,613.61,614.33,611.91,601.88
2020-09-23,615.49,613.66,614.37,611.95,601.96
2020-09-24,615.77,613.82,614.42,612,602.04
2020-09-25,616.15,614.03,614.48,612.04,602.12
2020-09-28,615.73,614.3,614.57,612.1,602.21
2020-09-29,616.64,614.61,614.66,612.19,602.3
2020-09-30,615.32,614.77,614.72,612.26,602.39
2020-10-01,615.25,614.84,614.77,612.32,602.5
2020-10-02,615.11,614.85,614.8,612.39,602.61
2020-10-05,613.23,614.89,614.78,612.44,602.71
2020-10-06,613.42,614.87,614.77,612.48,602.81
2020-10-07,612.46,614.85,614.77,612.5,602.91
2020-10-08,613.33,614.87,614.75,612.53,603.02
2020-10-09,613.74,614.83,614.76,612.57,603.13
2020-10-13,615.39,614.87,614.78,612.62,603.24
2020-10-14,615.91,614.94,614.81,612.68,603.36
2020-10-15,616.31,615.03,614.84,612.74,603.47
2020-10-16,616.41,615.09,614.87,612.78,603.6
2020-10-19,615.74,615.15,614.87,612.83,603.73
2020-10-20,614.69,615.09,614.84,612.86,603.84
2020-10-21,613.66,614.99,614.8,612.87,603.94
2020-10-22,612.31,614.83,614.74,612.87,604.03
2020-10-23,612.6,614.67,614.67,612.88,604.14
2020-10-26,613.67,614.55,614.61,612.9,604.25
2020-10-27,614.97,614.51,614.56,612.93,604.37
2020-10-28,614.94,614.42,614.51,612.99,604.51
2020-11-03,613.47,614.33,614.45,613.01,604.64
2020-11-04,616.16,614.38,614.4,613.07,604.78
2020-11-05,616.19,614.43,614.38,613.13,604.91
2020-11-06,614.83,614.51,614.32,613.18,605.04
2020-11-09,610.38,614.36,614.19,613.18,605.14
2020-11-10,609.73,614.22,614.06,613.17,605.25
2020-11-12,612.46,614.18,614.02,613.18,605.36
2020-11-13,612.86,614.13,614.01,613.22,605.46
2020-11-16,612.74,614,614.02,613.25,605.57
2020-11-17,613.69,613.89,614.04,613.28,605.69
2020-11-18,613.7,613.76,614.05,613.31,605.8
2020-11-19,614.49,613.66,614.07,613.33,605.91
2020-11-20,615.44,613.65,614.09,613.38,606.02
2020-11-23,614.77,613.65,614.1,613.42,606.14
2020-11-24,614.15,613.68,614.09,613.46,606.26
2020-11-25,614.17,613.77,614.09,613.48,606.38
2020-11-27,615.12,613.9,614.13,613.53,606.5
2020-11-30,614.91,613.96,614.18,613.57,606.62
2020-12-01,612.12,613.82,614.21,613.62,606.74
2020-12-02,611.91,613.66,614.23,613.67,606.85
2020-12-03,612.97,613.64,614.25,613.74,606.97
2020-12-04,611.78,613.42,614.21,613.8,607.08
2020-12-07,613.45,613.28,614.19,613.86,607.2
2020-12-08,614.61,613.27,614.22,613.92,607.33
2020-12-09,614.19,613.46,614.23,613.95,607.45
2020-12-10,615.35,613.74,614.27,613.99,607.58
2020-12-11,616.33,613.94,614.33,614.04,607.72
2020-12-14,615.79,614.08,614.35,614.09,607.85
2020-12-15,614.98,614.2,614.35,614.14,607.99
2020-12-16,614.3,614.23,614.35,614.17,608.12
2020-12-17,614.29,614.26,614.35,614.2,608.25
2020-12-18,614.11,614.24,614.33,614.23,608.38
2020-12-21,614.55,614.19,614.33,614.26,608.5
2020-12-22,615.41,614.22,614.32,614.3,608.64
2020-12-23,613.37,614.19,614.28,614.3,608.77
2020-12-24,614.14,614.18,614.26,614.31,608.89
2020-12-28,614.2,614.14,614.23,614.33,609.01
2020-12-29,614.63,614.12,614.21,614.35,609.13
2020-12-30,614.73,614.25,614.19,614.38,609.25
2020-12-31,615.28,614.42,614.17,614.41,609.38
2021-01-04,615.25,614.54,614.17,614.45,609.51
2021-01-05,614.35,614.67,614.15,614.46,609.63
2021-01-06,611.89,614.59,614.1,614.45,609.75
2021-01-07,610.98,614.41,614.06,614.42,609.86
2021-01-08,610.76,614.23,614.02,614.4,609.96
2021-01-11,609.88,613.96,613.98,614.37,610.07
2021-01-12,608.82,613.59,613.9,614.33,610.16
2021-01-13,611.08,613.35,613.86,614.31,610.27
2021-01-14,610.41,613.12,613.77,614.28,610.36
2021-01-15,610.76,612.94,613.69,614.25,610.45
2021-01-19,610.75,612.77,613.59,614.22,610.54
2021-01-20,610.49,612.59,613.5,614.18,610.61
2021-01-21,609.36,612.33,613.39,614.13,610.68
2021-01-22,609.58,612.04,613.3,614.07,610.74
2021-01-25,611.47,611.94,613.27,614.03,610.81
2021-01-26,611.4,611.8,613.25,613.99,610.88
2021-01-27,611.84,611.69,613.24,613.95,610.95
2021-01-28,611.16,611.51,613.2,613.91,611.02
2021-01-29,609.72,611.26,613.11,613.84,611.1
2021-02-01,609.93,610.99,613.03,613.77,611.17
2021-02-02,608.85,610.67,612.95,613.7,611.23
2021-02-03,608.31,610.37,612.82,613.61,611.29
2021-02-04,607.67,610.16,612.68,613.53,611.35
2021-02-05,606.82,609.95,612.54,613.43,611.4
2021-02-08,606.92,609.76,612.49,613.34,611.46
2021-02-09,607.1,609.62,612.44,613.25,611.51
2021-02-10,607.21,609.54,612.35,613.19,611.57
2021-02-11,607.37,609.36,612.26,613.14,611.62
2021-02-12,605.84,609.13,612.15,613.08,611.66
2021-02-16,602.64,608.72,611.96,613,611.68
2021-02-17,602.77,608.32,611.78,612.92,611.69
2021-02-18,602.09,607.9,611.58,612.82,611.69
2021-02-19,600.47,607.46,611.33,612.71,611.69
2021-02-22,600.07,606.98,611.08,612.59,611.68
2021-02-23,599.25,606.37,610.83,612.46,611.66
2021-02-24,597.61,605.68,610.56,612.32,611.62
2021-02-25,594.44,604.81,610.21,612.17,611.57
2021-02-26,596.23,604.07,609.9,612.04,611.52
2021-03-01,597.93,603.48,609.66,611.94,611.47
2021-03-02,598.65,602.91,609.44,611.84,611.4
2021-03-03,597.18,602.33,609.18,611.71,611.29
2021-03-05,596.54,601.74,608.93,611.57,611.22
2021-03-08,595.82,601.15,608.63,611.41,611.15
2021-03-09,596.95,600.65,608.34,611.28,611.1
2021-03-10,597.53,600.18,608.06,611.15,611.07
2021-03-11,597.88,599.72,607.77,611.02,611.04
2021-03-12,594.97,599.11,607.41,610.87,611.02
2021-03-15,595.94,598.54,607.08,610.72,611.04
2021-03-16,595.83,598.04,606.76,610.56,611.04
2021-03-17,594.57,597.64,606.43,610.39,610.99
2021-03-19,593.7,597.18,606.09,610.22,610.94
2021-03-22,595.32,596.84,605.78,610.05,610.9
2021-03-23,596.71,596.66,605.48,609.9,610.86
2021-03-24,597.67,596.54,605.18,609.75,610.8
2021-03-25,597.85,596.47,604.93,609.6,610.76
2021-03-26,596.76,596.42,604.64,609.45,610.7
2021-03-29,595.36,596.47,604.32,609.28,610.64
2021-03-30,594.55,596.39,603.99,609.1,610.57
2021-03-31,594.24,596.2,603.65,608.92,610.51
2021-04-01,595.64,596.05,603.32,608.74,610.46
2021-04-02,595.11,595.95,602.98,608.58,610.42
2021-04-06,596,595.92,602.68,608.42,610.37
2021-04-07,596.2,595.94,602.42,608.26,610.32
2021-04-08,596.77,595.93,602.18,608.12,610.28
2021-04-09,595.82,595.84,601.93,607.97,610.23
2021-04-12,595.42,595.72,601.69,607.83,610.16
2021-04-13,596.12,595.78,601.48,607.69,610.11
2021-04-14,595.61,595.76,601.22,607.54,610.05
2021-04-15,598.17,595.88,601.02,607.39,610.01
2021-04-16,597,596,600.79,607.24,609.96
2021-04-19,596.41,596.14,600.55,607.07,609.9
2021-04-20,597.2,596.23,600.33,606.91,609.85
2021-04-21,597.45,596.27,600.13,606.76,609.79
2021-04-22,597.87,596.28,599.93,606.62,609.74
2021-04-23,597.36,596.25,599.7,606.48,609.68
2021-04-26,597.23,596.28,599.46,606.36,609.62
2021-04-27,596.25,596.32,599.2,606.22,609.55
2021-04-28,595.87,596.39,598.95,606.07,609.49
2021-04-29,594.93,596.42,598.7,605.91,609.42
2021-04-30,595.14,596.4,598.45,605.74,609.36
2021-05-03,595.68,596.43,598.23,605.59,609.3
2021-05-04,596.54,596.45,598.04,605.43,609.25
2021-05-05,596.31,596.46,597.85,605.26,609.2
2021-05-06,596.7,596.45,597.68,605.11,609.15
2021-05-07,596.2,596.47,597.5,604.99,609.09
2021-05-10,594.3,596.42,597.29,604.86,609.02
2021-05-12,592.58,596.24,597.04,604.7,608.94
2021-05-13,592.45,596.08,596.79,604.53,608.87
2021-05-14,593.18,595.83,596.58,604.37,608.81
2021-05-17,592.93,595.63,596.42,604.19,608.74
2021-05-18,592.92,595.45,596.26,604.02,608.66
2021-05-19,592.52,595.22,596.1,603.84,608.59
2021-05-20,593.54,595.03,595.98,603.65,608.52
2021-05-21,593.93,594.83,595.88,603.48,608.45
2021-05-24,594.7,594.7,595.8,603.32,608.39
2021-05-25,596.05,594.64,595.78,603.17,608.33
2021-05-26,596.77,594.66,595.82,603.01,608.27
2021-05-27,595.68,594.65,595.81,602.85,608.21
2021-05-28,596.09,594.71,595.78,602.72,608.17
2021-06-01,595.72,594.74,595.73,602.59,608.13
2021-06-02,596.03,594.76,595.71,602.44,608.09
2021-06-03,595.36,594.7,595.69,602.31,608.06
2021-06-04,596.78,594.72,595.71,602.17,608.02
2021-06-07,596.35,594.7,595.7,602.02,607.97
2021-06-08,597.58,594.77,595.7,601.88,607.91
2021-06-09,598.95,595.01,595.71,601.74,607.87
2021-06-10,599.18,595.34,595.78,601.6,607.82
2021-06-11,599.95,595.71,595.85,601.47,607.78
2021-06-14,598.84,595.99,595.9,601.33,607.73
2021-06-15,598.43,596.27,595.97,601.2,607.68
2021-06-16,597.7,596.51,596.03,601.06,607.63
2021-06-17,598.4,596.8,596.08,600.93,607.58
2021-06-18,599.57,597.1,596.13,600.81,607.53
2021-06-21,598.57,597.34,596.15,600.67,607.48
2021-06-22,598.38,597.52,596.16,600.54,607.42
2021-06-23,598.22,597.63,596.18,600.41,607.36
2021-06-24,598.69,597.72,596.24,600.28,607.3
2021-06-25,596.97,597.79,596.28,600.13,607.24
2021-06-28,598.56,597.91,596.35,600,607.19
2021-06-29,598.52,598.05,596.4,599.86,607.13
2021-06-30,599.5,598.23,596.47,599.73,607.09
2021-07-01,599.3,598.42,596.52,599.6,607.03
2021-07-02,600.54,598.61,596.6,599.51,606.98
2021-07-06,602.33,598.91,596.69,599.43,606.93
2021-07-07,603.92,599.23,596.82,599.38,606.89
2021-07-08,604.64,599.51,596.98,599.33,606.85
2021-07-09,602.75,599.69,597.09,599.28,606.81
2021-07-12,602.9,599.84,597.21,599.21,606.76
2021-07-13,602.43,600.02,597.28,599.15,606.71
2021-07-14,603.59,600.27,597.39,599.09,606.67
2021-07-15,604.59,600.62,597.53,599.04,606.63
2021-07-16,604.95,600.95,597.66,598.99,606.59
2021-07-19,607.76,601.36,597.83,598.98,606.55
2021-07-20,607.66,601.81,597.99,598.96,606.52
2021-07-21,605.92,602.19,598.13,598.92,606.47
2021-07-22,606.93,602.62,598.3,598.88,606.44
2021-07-23,606.72,603.02,598.47,598.84,606.39
2021-07-26,606.88,603.52,598.65,598.8,606.35
2021-07-27,607.59,603.97,598.86,598.78,606.31
2021-07-28,607.2,604.4,599.07,598.76,606.26
2021-07-29,607.26,604.79,599.26,598.75,606.22
2021-07-30,607.73,605.21,599.44,598.74,606.18
2021-08-02,609.2,605.65,599.66,598.75,606.14
2021-08-03,609.64,606.01,599.88,598.78,606.1
2021-08-04,609.58,606.3,600.1,598.8,606.07
2021-08-05,609.47,606.54,600.35,598.82,606.04
2021-08-06,607.14,606.76,600.59,598.82,606
2021-08-09,607.06,606.96,600.84,598.82,605.98
2021-08-10,606.72,607.18,601.06,598.82,605.95
2021-08-11,606.23,607.31,601.28,598.85,605.93
2021-08-12,606.09,607.39,601.5,598.88,605.9
2021-08-13,607.43,607.51,601.75,598.93,605.87
2021-08-16,608.18,607.53,602,598.99,605.85
2021-08-17,608.21,607.56,602.23,599.06,605.82
2021-08-18,608.17,607.67,602.46,599.13,605.8
2021-08-19,608.88,607.77,602.67,599.23,605.77
2021-08-20,609,607.88,602.88,599.35,605.76
2021-08-23,608.66,607.97,603.09,599.45,605.74
2021-08-24,608.01,607.99,603.29,599.53,605.74
2021-08-25,605.97,607.93,603.46,599.6,605.72
2021-08-26,606.1,607.87,603.63,599.67,605.69
2021-08-27,606.68,607.82,603.82,599.75,605.66
2021-08-30,607.44,607.73,604,599.85,605.63
2021-08-31,606.05,607.55,604.16,599.93,605.6
2021-09-01,606.1,607.38,604.3,600,605.57
2021-09-02,606.62,607.24,604.43,600.07,605.55
2021-09-03,605.7,607.16,604.54,600.16,605.52
2021-09-07,604.25,607.02,604.61,600.23,605.47
2021-09-09,606.32,607,604.73,600.32,605.44
2021-09-10,605.37,606.96,604.85,600.41,605.4
2021-09-13,605.75,606.94,604.98,600.51,605.36
2021-09-14,606.9,606.92,605.12,600.6,605.33
2021-09-15,606.16,606.82,605.23,600.68,605.29
2021-09-16,605.35,606.67,605.35,600.75,605.25
2021-09-17,604.16,606.47,605.44,600.8,605.2
2021-09-20,605.76,606.32,605.57,600.87,605.16
2021-09-21,605.91,606.16,605.69,600.96,605.12
2021-09-22,605.81,606.02,605.84,601.06,605.08
2021-09-23,603.65,605.8,605.92,601.13,605.03
2021-09-24,601.47,605.58,605.97,601.18,604.96
2021-09-27,600.87,605.32,605.99,601.23,604.9
2021-09-28,599.1,604.94,605.99,601.26,604.84
2021-09-30,598.8,604.5,605.96,601.28,604.77
2021-10-01,600.37,604.22,605.93,601.31,604.72
2021-10-04,600.13,603.92,605.87,601.34,604.66
2021-10-05,598.47,603.51,605.76,601.37,604.6
2021-10-06,598.51,603.16,605.69,601.39,604.54
2021-10-07,597.82,602.83,605.61,601.41,604.47
2021-10-08,595.96,602.32,605.5,601.39,604.39
2021-10-12,596.58,601.88,605.38,601.39,604.31
2021-10-13,598.39,601.51,605.28,601.4,604.24
2021-10-14,599.68,601.15,605.19,601.42,604.17
2021-10-15,598.36,600.76,605.04,601.43,604.09
2021-10-18,598.01,600.39,604.87,601.43,604.03
2021-10-19,596.72,600.02,604.72,601.43,603.95
2021-10-20,596.48,599.55,604.55,601.42,603.89
2021-10-21,595.43,599.03,604.36,601.41,603.82
2021-10-22,596.16,598.55,604.18,601.42,603.74
2021-10-25,596.73,598.2,604,601.43,603.67
2021-10-26,597.19,597.99,603.83,601.45,603.59
2021-10-27,600.21,597.95,603.71,601.49,603.54
2021-10-28,599.46,597.97,603.58,601.51,603.47
2021-10-29,598.29,597.95,603.4,601.53,603.4
2021-11-01,597.73,597.82,603.2,601.54,603.32
2021-11-02,599.41,597.78,603.03,601.56,603.28
2021-11-03,598.9,597.8,602.85,601.6,603.23
2021-11-04,600.75,597.91,602.74,601.67,603.18
2021-11-05,603.6,598.2,602.69,601.76,603.15
2021-11-08,602.79,598.54,602.62,601.84,603.1
2021-11-09,604.78,598.95,602.6,601.94,603.07
2021-11-10,601.38,599.1,602.52,602.01,603.02
2021-11-12,600.46,599.14,602.4,602.08,602.96
2021-11-15,599.49,599.2,602.26,602.13,602.89
2021-11-16,599.08,599.25,602.11,602.17,602.83
2021-11-17,599.24,599.38,601.96,602.21,602.76
2021-11-18,600.46,599.58,601.82,602.24,602.71
2021-11-19,602.36,599.92,601.71,602.29,602.65
2021-11-22,599.96,600.11,601.56,602.33,602.59
2021-11-23,598.34,600.19,601.4,602.35,602.53
2021-11-24,598.24,600.25,601.27,602.37,602.48
2021-11-26,603.64,600.42,601.23,602.43,602.44
2021-11-29,602.62,600.58,601.16,602.49,602.4
2021-11-30,604.98,600.91,601.12,602.56,602.36
2021-12-01,604.44,601.25,601.09,602.63,602.32
2021-12-02,604.85,601.52,601.07,602.69,602.28
2021-12-03,606.95,601.92,601.08,602.75,602.25
2021-12-06,605.82,602.17,601.08,602.81,602.2
2021-12-07,604.92,602.24,601.09,602.85,602.16
2021-12-08,602.86,602.24,601.03,602.88,602.11
2021-12-09,603.76,602.19,601.01,602.93,602.06
2021-12-10,603.89,602.32,600.98,602.98,602.02
2021-12-13,605.55,602.57,600.95,603.04,601.99
2021-12-14,605.05,602.85,600.94,603.09,601.95
2021-12-15,604.28,603.11,600.92,603.13,601.9
2021-12-17,605.07,603.4,600.93,603.19,601.86
2021-12-20,604.65,603.61,600.91,603.24,601.83
2021-12-21,601.98,603.59,600.85,603.27,601.77
2021-12-22,602.23,603.71,600.79,603.31,601.72
2021-12-23,600.64,603.82,600.74,603.33,601.66
2021-12-27,600.76,603.95,600.73,603.35,601.6
2021-12-28,600.72,603.8,600.72,603.36,601.54
2021-12-29,598.86,603.61,600.72,603.36,601.48
2021-12-30,599.27,603.33,600.73,603.35,601.43
2021-12-31,599.63,603.09,600.72,603.32,601.38
2022-01-03,597.33,602.71,600.67,603.27,601.32
2022-01-04,595.88,602.16,600.63,603.19,601.26
2022-01-05,595.18,601.63,600.57,603.13,601.21
2022-01-06,593.85,601.07,600.5,603.06,601.14
2022-01-07,592.93,600.58,600.45,602.98,601.06
2022-01-10,592.68,600.02,600.39,602.89,600.99
2022-01-11,593.14,599.48,600.3,602.79,600.91
2022-01-12,594.03,598.91,600.21,602.7,600.85
2022-01-13,594.84,598.4,600.15,602.59,600.78
2022-01-14,592.89,597.83,600.06,602.47,600.72
2022-01-18,590.51,597.1,599.96,602.34,600.63
2022-01-19,590.91,596.41,599.87,602.21,600.54
2022-01-20,591.27,595.88,599.8,602.08,600.46
2022-01-21,593.43,595.44,599.75,601.97,600.38
2022-01-24,593.86,595.1,599.7,601.85,600.32
2022-01-25,592.67,594.69,599.63,601.73,600.24
2022-01-26,591.01,594.21,599.48,601.6,600.17
2022-01-27,591.4,593.84,599.34,601.46,600.1
2022-01-28,591.58,593.45,599.23,601.31,600.03
2022-01-31,590.44,592.99,599.11,601.15,599.96
2022-02-01,589.66,592.61,598.95,600.99,599.89
2022-02-02,590.46,592.34,598.81,600.83,599.82
2022-02-03,587.58,591.96,598.59,600.67,599.74
2022-02-04,584.93,591.51,598.27,600.48,599.65
2022-02-07,584.04,591.07,597.96,600.29,599.56
2022-02-08,582.29,590.55,597.59,600.09,599.47
2022-02-09,583.25,590.05,597.28,599.9,599.39
2022-02-10,579.75,589.34,596.94,599.67,599.3
2022-02-11,581.42,588.67,596.64,599.45,599.22
2022-02-14,579.82,588.01,596.32,599.21,599.13
2022-02-15,578.53,587.42,595.97,598.96,599.05
2022-02-16,579.63,586.85,595.63,598.72,598.97
2022-02-17,580.97,586.34,595.27,598.49,598.92
2022-02-18,582.33,585.78,594.97,598.27,598.86
2022-02-22,581.9,585.18,594.7,598.05,598.79
2022-02-23,580.95,584.6,594.41,597.84,598.72
2022-02-24,581.95,584.14,594.05,597.64,598.66
2022-02-25,581.25,583.64,593.7,597.43,598.59
2022-02-28,584.63,583.29,593.36,597.24,598.54
2022-03-01,589.76,583.25,593.11,597.1,598.51
2022-03-02,585.74,583.06,592.79,596.93,598.47
2022-03-03,585.69,582.82,592.44,596.76,598.42
2022-03-04,589.13,582.9,592.16,596.62,598.39
2022-03-07,587.6,583.03,591.87,596.48,598.36
2022-03-08,584.65,583.06,591.57,596.3,598.31
2022-03-09,581.89,583.04,591.2,596.11,598.26
2022-03-10,579.37,582.85,590.79,595.89,598.2
2022-03-11,579.36,582.83,590.36,595.66,598.13
2022-03-14,575.6,582.54,589.87,595.4,598.04
2022-03-15,575.74,582.33,589.39,595.15,597.95
2022-03-16,575.13,582.16,588.89,594.91,597.86
2022-03-17,574.8,581.92,588.4,594.65,597.76
2022-03-18,576.24,581.69,587.97,594.41,597.69
2022-03-21,572.46,581.19,587.47,594.13,597.59
2022-03-22,570.05,580.6,586.96,593.85,597.49
2022-03-23,571.91,580.15,586.48,593.6,597.39
2022-03-24,571,579.6,585.98,593.35,597.29
2022-03-25,568.3,578.95,585.47,593.1,597.18
2022-03-28,568.64,578.15,584.96,592.85,597.06
2022-03-29,568.66,577.1,584.45,592.58,596.95
2022-03-30,569.63,576.29,583.99,592.33,596.84
2022-03-31,571.43,575.58,583.58,592.1,596.74
2022-04-04,570.53,574.65,583.17,591.87,596.63
2022-04-05,566.36,573.59,582.71,591.61,596.51
2022-04-06,564.64,572.59,582.24,591.35,596.37
2022-04-07,563.93,571.69,581.76,591.07,596.23
2022-04-08,562.88,570.86,581.26,590.78,596.09
2022-04-11,560.39,569.92,580.69,590.45,595.94
2022-04-12,561.58,569.21,580.14,590.14,595.79
2022-04-13,562.25,568.54,579.63,589.85,595.64
2022-04-14,559.44,567.76,579.11,589.54,595.48
2022-04-18,558.95,566.96,578.58,589.22,595.32
2022-04-19,556.45,565.97,578,588.9,595.16
2022-04-20,558.59,565.28,577.42,588.59,595
2022-04-21,556.83,564.62,576.8,588.25,594.84
2022-04-25,558.62,563.95,576.23,587.93,594.69
2022-04-26,560.6,563.43,575.73,587.6,594.54
2022-04-27,559.16,562.98,575.19,587.27,594.39
2022-04-28,557.97,562.44,574.63,586.93,594.23
2022-04-29,555.9,561.81,574.05,586.58,594.06
2022-05-02,554.34,561.04,573.46,586.21,593.88
2022-05-03,554.52,560.2,572.87,585.84,593.72
2022-05-04,554.75,559.41,572.32,585.45,593.56
2022-05-05,552.33,558.71,571.77,585.02,593.39
2022-05-06,549.6,557.95,571.2,584.58,593.21
2022-05-09,551.55,557.33,570.69,584.14,593.04
2022-05-10,553.36,556.86,570.19,583.74,592.87
2022-05-11,554.83,556.58,569.78,583.36,592.72
2022-05-12,557.21,556.36,569.37,583.01,592.57
2022-05-13,555.38,556.02,568.96,582.64,592.41
2022-05-16,556.02,555.85,568.59,582.28,592.24
2022-05-17,552.8,555.54,568.14,581.88,592.06
2022-05-18,554.75,555.46,567.71,581.49,591.89
2022-05-19,555.7,555.31,567.26,581.12,591.72
2022-05-20,556.43,555.29,566.84,580.77,591.56
2022-05-23,554.4,555.08,566.39,580.4,591.39
2022-05-24,557.11,554.91,565.98,580.02,591.22
2022-05-25,557.37,554.82,565.58,579.64,591.06
2022-05-26,556.5,554.74,565.11,579.23,590.9
2022-05-27,557.21,554.81,564.57,578.84,590.73
2022-05-31,552.9,554.74,564.02,578.41,590.55
2022-06-01,551.5,554.59,563.45,577.95,590.35
2022-06-02,550.75,554.38,562.81,577.49,590.15
2022-06-03,549.91,554.26,562.19,577.03,589.94
2022-06-06,547.49,554.16,561.57,576.57,589.73
2022-06-07,548.98,554.03,561.02,576.11,589.52
2022-06-08,547.49,553.74,560.49,575.64,589.31
2022-06-09,546.01,553.3,559.93,575.14,589.09
2022-06-10,543.17,552.59,559.39,574.63,588.86
2022-06-13,537.37,551.69,558.75,574.07,588.6
2022-06-14,534.58,550.62,558.08,573.48,588.34
2022-06-15,538.1,549.89,557.46,572.93,588.09
2022-06-16,539.11,549.1,556.84,572.41,587.84
2022-06-17,539.76,548.31,556.3,571.88,587.6
2022-06-21,536.84,547.33,555.75,571.35,587.34
2022-06-22,541.38,546.68,555.24,570.86,587.1
2022-06-23,544.47,546.04,554.8,570.39,586.87
2022-06-24,543.73,545.36,554.39,569.93,586.64
2022-06-27,541.31,544.6,553.93,569.45,586.4
2022-06-28,540.54,543.77,553.46,568.95,586.14
2022-06-29,543.56,543.3,553.03,568.51,585.89
2022-06-30,545.95,543.02,552.6,568.09,585.64
2022-07-01,550.3,543,552.27,567.72,585.42
2022-07-05,550.61,543.04,552,567.36,585.21
2022-07-06,549.44,543.13,551.75,566.99,584.99
2022-07-07,547.22,543.05,551.47,566.62,584.75
2022-07-08,545.37,542.94,551.18,566.22,584.5
2022-07-11,547.56,543.02,550.97,565.83,584.26
2022-07-13,549.98,543.36,550.77,565.46,584.02
2022-07-14,548.53,543.92,550.54,565.09,583.78
2022-07-15,549.74,544.67,550.38,564.75,583.54
2022-07-18,548.05,545.17,550.2,564.39,583.3
2022-07-19,546.56,545.54,550.03,564.02,583.05
2022-07-20,546.51,545.88,549.83,563.63,582.8
2022-07-21,549.36,546.51,549.71,563.25,582.55
2022-07-22,553.55,547.12,549.62,562.93,582.33
2022-07-25,552.83,547.53,549.5,562.61,582.1
2022-07-26,553.84,548.04,549.41,562.3,581.88
2022-07-27,553.71,548.66,549.34,561.98,581.65
2022-07-28,556.93,549.48,549.35,561.7,581.43
2022-07-29,557.59,550.18,549.41,561.44,581.21
2022-08-01,560.02,550.89,549.5,561.18,581
2022-08-02,557.49,551.24,549.54,560.93,580.8
2022-08-03,557.29,551.58,549.63,560.7,580.59
2022-08-04,558.92,552.05,549.78,560.49,580.39
2022-08-05,554.84,552.43,549.84,560.26,580.18
2022-08-08,556.45,552.99,549.89,560.04,579.97
2022-08-09,555.47,553.38,549.9,559.84,579.75
2022-08-10,555.84,553.68,549.88,559.62,579.54
2022-08-11,552.85,553.89,549.83,559.4,579.31
2022-08-12,553.1,554.06,549.79,559.19,579.08
2022-08-15,554.72,554.39,549.82,558.98,578.85
2022-08-16,553.58,554.74,549.8,558.75,578.62
2022-08-17,551.07,554.97,549.72,558.49,578.38
2022-08-18,551.24,555.07,549.63,558.24,578.14
2022-08-19,548.21,554.8,549.53,557.96,577.9
2022-08-22,546.14,554.47,549.35,557.66,577.65
2022-08-23,545.16,554.03,549.14,557.36,577.4
2022-08-24,543.63,553.53,548.93,557.02,577.13
2022-08-25,545.35,552.95,548.73,556.65,576.88
2022-08-26,545.1,552.32,548.6,556.31,576.62
2022-08-29,542.89,551.47,548.46,555.96,576.36
2022-08-30,542.58,550.72,548.32,555.57,576.09
2022-08-31,541.09,549.91,548.18,555.18,575.83
2022-09-01,538.57,548.89,548.03,554.8,575.55
2022-09-02,540.21,548.16,547.88,554.45,575.28
2022-09-06,537.13,547.2,547.71,554.1,574.99
2022-09-07,538.59,546.35,547.58,553.76,574.71
2022-09-08,536.65,545.39,547.48,553.43,574.42
2022-09-09,536.14,544.56,547.46,553.1,574.13
2022-09-12,536.51,543.73,547.49,552.78,573.85
2022-09-13,535.16,542.75,547.44,552.45,573.55
2022-09-14,535.57,541.85,547.38,552.11,573.26
2022-09-15,534.31,541.01,547.29,551.79,572.96
2022-09-16,533.68,540.13,547.24,551.49,572.67
2022-09-19,533.3,539.39,547.1,551.17,572.39
2022-09-20,530.84,538.62,546.87,550.83,572.09
2022-09-21,531.89,537.96,546.68,550.53,571.81
2022-09-22,528.45,537.2,546.46,550.2,571.52
2022-09-23,527.21,536.29,546.24,549.85,571.22
2022-09-26,522.76,535.18,545.89,549.46,570.89
2022-09-27,518.92,533.98,545.44,549.02,570.56
2022-09-28,524.73,533.09,545.02,548.64,570.26
2022-09-29,523.8,532.22,544.57,548.29,569.95
2022-09-30,523.96,531.49,544.15,547.95,569.65
2022-10-03,527.88,530.87,543.82,547.65,569.36
2022-10-04,528.44,530.44,543.54,547.36,569.07
2022-10-05,525.44,529.78,543.17,547.07,568.76
2022-10-06,523.58,529.13,542.73,546.75,568.45
2022-10-07,521.32,528.39,542.28,546.41,568.13
2022-10-11,518.83,527.5,541.76,546.07,567.8
2022-10-12,518.67,526.68,541.27,545.74,567.48
2022-10-13,518.29,525.82,540.8,545.42,567.16
2022-10-14,517.09,524.95,540.31,545.07,566.83
2022-10-17,518.14,524.18,539.79,544.75,566.5
2022-10-18,519.05,523.46,539.22,544.42,566.18
2022-10-19,516.9,522.77,538.62,544.06,565.83
2022-10-20,515.12,521.93,537.97,543.69,565.48
2022-10-21,513.98,521.21,537.31,543.32,565.13
2022-10-24,514.96,520.59,536.61,542.98,564.78
2022-10-25,519,520.41,535.97,542.69,564.45
2022-10-26,520.75,520.5,535.31,542.41,564.12
2022-10-27,524,520.46,534.76,542.15,563.8
2022-10-28,522.96,520.42,534.18,541.91,563.46
2022-10-31,521.42,520.29,533.56,541.67,563.13
2022-11-01,521.7,519.98,533.01,541.42,562.78
2022-11-02,521.01,519.61,532.42,541.15,562.44
2022-11-03,519.12,519.29,531.81,540.85,562.11
2022-11-04,517.91,519.01,531.18,540.53,561.77
2022-11-07,516.67,518.78,530.57,540.2,561.42
2022-11-08,518.34,518.75,530,539.89,561.09
2022-11-09,520.45,518.84,529.42,539.62,560.75
2022-11-10,525.82,519.22,528.96,539.38,560.43
2022-11-14,524.76,519.6,528.52,539.12,560.12
2022-11-15,527.14,520.05,528.12,538.88,559.82
2022-11-16,530,520.6,527.82,538.67,559.54
2022-11-17,528.75,521.19,527.53,538.44,559.23
2022-11-18,528.23,521.85,527.25,538.2,558.92
2022-11-21,528.52,522.58,526.99,537.96,558.6
2022-11-22,529.54,523.3,526.73,537.73,558.29
2022-11-23,532.71,523.99,526.52,537.56,557.99
2022-11-25,531.06,524.51,526.33,537.39,557.67
2022-11-28,531.09,524.86,526.14,537.23,557.36
2022-11-29,530.61,525.24,525.96,537.07,557.05
2022-11-30,531.8,525.76,525.85,536.94,556.75
2022-12-01,535.43,526.45,525.77,536.82,556.47
2022-12-02,535.84,527.19,525.75,536.73,556.18
2022-12-05,534.24,527.95,525.67,536.63,555.89
2022-12-06,535.81,528.84,525.66,536.57,555.6
2022-12-07,538.19,529.92,525.69,536.57,555.32
2022-12-08,537.11,530.86,525.7,536.6,555.04
2022-12-09,534.59,531.56,525.69,536.57,554.75
2022-12-12,534.04,531.97,525.67,536.52,554.46
2022-12-13,535.7,532.52,525.69,536.49,554.19
2022-12-14,535.82,532.95,525.73,536.48,553.92
2022-12-15,534.61,533.18,525.75,536.43,553.64
2022-12-16,532.94,533.39,525.78,536.33,553.36
2022-12-19,530.52,533.51,525.76,536.22,553.07
2022-12-20,527.31,533.45,525.74,536.1,552.77
2022-12-21,527.65,533.35,525.75,536,552.48
2022-12-22,527.35,533.09,525.83,535.86,552.18
2022-12-23,525.83,532.82,525.94,535.69,551.89
2022-12-27,523,532.42,525.91,535.47,551.59
2022-12-28,522.21,532,525.89,535.23,551.29
2022-12-29,523,531.56,525.87,535.01,551
2022-12-30,521.62,530.87,525.77,534.79,550.7
2023-01-03,524.45,530.3,525.7,534.62,550.42
2023-01-04,526.93,529.93,525.72,534.45,550.14
2023-01-05,526.37,529.46,525.77,534.25,549.85
2023-01-06,529.74,529.04,525.91,534.1,549.59
2023-01-09,530.04,528.69,526.1,533.93,549.34
2023-01-10,528.22,528.37,526.26,533.77,549.08
2023-01-11,530.93,528.21,526.47,533.64,548.83
2023-01-12,533.04,528.08,526.73,533.52,548.57
2023-01-13,532.05,527.89,526.97,533.38,548.32
2023-01-17,532.71,527.8,527.19,533.21,548.07
2023-01-18,536.73,527.99,527.52,533.07,547.84
2023-01-19,536,528.26,527.87,532.92,547.61
2023-01-20,533.62,528.57,528.2,532.76,547.37
2023-01-23,532.82,528.83,528.5,532.55,547.13
2023-01-24,534.6,529.2,528.76,532.36,546.9
2023-01-25,534.69,529.64,528.99,532.15,546.67
2023-01-26,533.36,530.16,529.15,531.95,546.44
2023-01-30,531.37,530.61,529.29,531.73,546.22
2023-01-31,533.67,531.15,529.49,531.52,546.01
2023-02-02,537.07,531.92,529.75,531.38,545.82
2023-02-03,533.97,532.4,529.96,531.19,545.61
2023-02-06,531.21,532.61,530.16,530.99,545.41
2023-02-07,530.29,532.81,530.37,530.77,545.2
2023-02-08,530.35,532.84,530.6,530.59,544.99
2023-02-09,529.89,532.83,530.79,530.39,544.79
2023-02-10,527.99,532.82,530.92,530.17,544.57
2023-02-13,528.74,532.71,530.96,529.96,544.36
2023-02-14,527.48,532.43,531.01,529.77,544.13
2023-02-15,526.42,532.15,531,529.56,543.9
2023-02-16,525.22,531.77,530.92,529.37,543.67
2023-02-17,525.96,531.24,530.87,529.2,543.43
2023-02-21,522.8,530.58,530.78,529.01,543.19
2023-02-22,523.69,530.08,530.7,528.85,542.93
2023-02-23,524.74,529.68,530.62,528.68,542.66
2023-02-24,523.01,529.1,530.46,528.49,542.4
2023-02-27,522.91,528.51,530.32,528.32,542.14
2023-02-28,523.4,528.01,530.19,528.17,541.87
2023-03-01,521.48,527.51,530.04,528,541.59
2023-03-02,520.11,526.84,529.85,527.85,541.32
2023-03-03,522.09,526.09,529.63,527.7,541.07
2023-03-06,521.69,525.47,529.39,527.57,540.83
2023-03-07,521.92,525.01,529.18,527.43,540.59
2023-03-08,522.5,524.62,528.96,527.31,540.37
2023-03-09,523.21,524.26,528.71,527.2,540.15
2023-03-10,529.26,524.23,528.58,527.14,539.96
2023-03-13,534.62,524.56,528.58,527.14,539.79
2023-03-14,532.02,524.73,528.55,527.11,539.61
2023-03-15,537.29,525.22,528.58,527.13,539.46
2023-03-16,535.12,525.65,528.56,527.15,539.32
2023-03-17,538.52,526.32,528.63,527.19,539.18
2023-03-20,537.94,526.92,528.71,527.25,539.04
2023-03-21,535.09,527.53,528.79,527.28,538.9
2023-03-22,535.98,528.15,528.93,527.34,538.77
2023-03-23,538.33,528.82,529.11,527.43,538.64
2023-03-24,539.58,529.65,529.31,527.57,538.52
2023-03-27,536.02,530.31,529.48,527.71,538.37
2023-03-28,535.18,530.9,529.69,527.8,538.22
2023-03-29,535.23,531.59,529.9,527.9,538.09
2023-03-30,534.8,532.32,530.1,527.99,537.97
2023-03-31,536.42,533.04,530.35,528.06,537.85
2023-04-03,537.7,533.84,530.57,528.13,537.75
2023-04-04,538.26,534.65,530.76,528.24,537.65
2023-04-05,539.75,535.52,530.98,528.38,537.56
2023-04-06,540.02,536.36,531.15,528.53,537.47
2023-04-07,538.77,536.83,531.3,528.7,537.39
2023-04-10,538.29,537.02,531.47,528.86,537.3
2023-04-11,536.93,537.26,531.57,529.02,537.22
2023-04-12,536.79,537.24,531.63,529.18,537.13
2023-04-13,536.21,537.29,531.7,529.33,537.04
2023-04-14,534.25,537.08,531.72,529.46,536.94
2023-04-17,532.23,536.79,531.65,529.59,536.82
2023-04-18,532.64,536.67,531.59,529.73,536.71
2023-04-19,531.74,536.46,531.56,529.88,536.6
2023-04-20,533.31,536.21,531.57,530.03,536.51
2023-04-21,532.78,535.87,531.54,530.15,536.42
2023-04-24,533.64,535.75,531.52,530.26,536.33
2023-04-25,536.76,535.83,531.58,530.36,536.26
2023-04-26,536.16,535.87,531.66,530.47,536.19
2023-04-27,533.91,535.83,531.66,530.58,536.12
2023-04-28,537.38,535.88,531.67,530.71,536.06
2023-05-01,534.76,535.73,531.68,530.82,535.99
2023-05-02,537.57,535.69,531.79,530.97,535.91
2023-05-03,538.85,535.65,531.93,531.15,535.84
2023-05-04,539.12,535.6,532.07,531.34,535.77
2023-05-05,537.14,535.52,532.2,531.49,535.69
2023-05-08,535.65,535.39,532.32,531.62,535.62
2023-05-09,534.9,535.29,532.43,531.7,535.54
2023-05-10,537.01,535.3,532.58,531.8,535.46
2023-05-11,538.82,535.43,532.79,531.89,535.39
2023-05-12,537.25,535.58,532.99,531.95,535.31
2023-05-15,535.98,535.77,533.16,532.02,535.23
2023-05-16,535.2,535.9,533.37,532.07,535.13
2023-05-17,534.9,536.05,533.55,532.13,535.04
2023-05-18,532.25,536,533.68,532.15,534.94
2023-05-19,531.58,535.94,533.82,532.14,534.85
2023-05-22,531.19,535.82,533.96,532.14,534.77
2023-05-23,530.78,535.52,534.08,532.14,534.68
2023-05-24,530.1,535.22,534.22,532.13,534.6
2023-05-25,528.24,534.93,534.36,532.1,534.52
2023-06-06,532.07,534.67,534.53,532.08,534.45
2023-06-07,530.17,534.44,534.67,532.03,534.38
2023-06-08,531.18,534.12,534.82,532,534.32
2023-06-09,531.49,533.75,534.97,531.97,534.27
2023-06-12,531.75,533.38,535.11,531.91,534.24
2023-06-13,530.04,533.03,535.13,531.85,534.23
2023-06-14,530.1,532.75,535.05,531.82,534.19
2023-06-15,531.15,532.56,535.04,531.79,534.16
2023-06-16,531.25,532.27,534.94,531.76,534.12
2023-06-20,532.46,531.96,534.89,531.73,534.11
2023-06-21,532.34,531.71,534.79,531.71,534.07
2023-06-22,530.73,531.45,534.67,531.69,534.01
2023-06-23,532.78,531.33,534.63,531.71,533.96
2023-06-26,533.8,531.27,534.59,531.76,533.93
2023-06-27,532.52,531.29,534.5,531.8,533.9
2023-06-28,533.51,531.38,534.4,531.86,533.86
2023-06-29,530.76,531.36,534.31,531.9,533.79
2023-06-30,531.17,531.38,534.24,531.96,533.72
2023-07-03,530.31,531.39,534.16,532.03,533.63
2023-07-05,529.21,531.44,534.07,532.08,533.55
2023-07-06,525.95,531.13,533.89,532.12,533.46
2023-07-07,525.42,530.9,533.69,532.13,533.37
2023-07-10,525.6,530.62,533.48,532.12,533.28
2023-07-11,525.95,530.34,533.25,532.11,533.18
2023-07-12,528.51,530.18,533.05,532.1,533.1
2023-07-13,530.99,530.23,532.93,532.11,533.02
2023-07-14,530.01,530.22,532.79,532.13,532.95
2023-07-17,530.18,530.17,532.67,532.12,532.88
2023-07-18,531.69,530.19,532.59,532.11,532.82
2023-07-19,533.25,530.23,532.54,532.12,532.75
2023-07-20,530.76,530.16,532.48,532.1,532.65
2023-07-21,531.17,530.18,532.46,532.06,532.56
2023-07-24,531.28,530.1,532.44,532.02,532.47
2023-07-25,530.64,529.94,532.42,531.99,532.37
2023-07-26,530.91,529.86,532.38,531.98,532.27
2023-07-27,529.02,529.64,532.32,531.93,532.15
2023-07-28,529.03,529.55,532.24,531.88,532.02
2023-07-31,528.55,529.42,532.11,531.84,531.9
2023-08-01,526.66,529.24,531.95,531.8,531.77
2023-08-02,525.97,529.08,531.82,531.74,531.63
2023-08-03,523.45,528.95,531.58,531.63,531.5
2023-08-04,525.77,528.97,531.43,531.56,531.37
2023-08-07,524.98,528.94,531.22,531.51,531.25
2023-08-08,527.41,529.01,531.03,531.48,531.13
2023-08-09,527.79,528.98,530.85,531.46,531.02
2023-08-10,525.94,528.72,530.66,531.43,530.91
2023-08-11,524.28,528.44,530.47,531.4,530.78
2023-08-14,523.36,528.1,530.28,531.35,530.66
2023-08-15,522.39,527.63,530.03,531.31,530.54
2023-08-16,521.92,527.06,529.75,531.27,530.42
2023-08-17,520.76,526.56,529.48,531.23,530.3
2023-08-18,522.11,526.11,529.25,531.2,530.2
2023-08-21,519.97,525.55,528.99,531.18,530.1
2023-08-22,520.7,525.05,528.75,531.15,530
2023-08-23,524.2,524.71,528.62,531.15,529.91
2023-08-24,524.05,524.46,528.5,531.16,529.82
2023-08-25,523.57,524.19,528.37,531.16,529.74
2023-08-28,523.77,523.95,528.25,531.17,529.67
2023-08-29,525.77,523.91,528.18,531.2,529.6
2023-08-30,525.58,523.89,528.13,531.25,529.55
2023-09-01,525.31,523.98,528.02,531.27,529.49
2023-09-05,522.92,523.84,527.9,531.28,529.43
2023-09-06,522.28,523.7,527.75,531.29,529.36
2023-09-07,523.33,523.5,527.62,531.29,529.3
2023-09-08,523.71,523.3,527.48,531.3,529.25
2023-09-12,522.62,523.13,527.36,531.24,529.19
2023-09-13,522.9,523.06,527.24,531.15,529.14
2023-09-14,523.35,523.06,527.11,531.07,529.09
2023-09-15,521.89,523.04,526.95,530.95,529.04
2023-09-18,521.57,523.02,526.77,530.83,528.99
2023-09-19,520.7,523.02,526.58,530.68,528.94
2023-09-20,521.16,522.97,526.42,530.54,528.9
2023-09-21,519.06,522.92,526.19,530.41,528.84
2023-09-22,519.82,522.88,525.96,530.28,528.81
2023-09-25,517.71,522.55,525.71,530.1,528.77
2023-09-26,517.21,522.21,525.44,529.92,528.74
2023-09-27,516.22,521.84,525.2,529.75,528.73
2023-09-28,515.25,521.42,524.93,529.59,528.69
2023-09-29,516.67,520.96,524.7,529.43,528.66
2023-10-02,512.16,520.29,524.42,529.24,528.61
2023-10-04,513,519.68,524.2,529.05,528.55
2023-10-05,513.53,519.21,524.01,528.85,528.49
2023-10-06,515.9,518.89,523.84,528.66,528.45
2023-10-11,518.19,518.63,523.71,528.48,528.43
2023-10-12,515.75,518.23,523.5,528.28,528.4
2023-10-16,515.35,517.87,523.24,528.08,528.39
2023-10-17,512.89,517.37,522.96,527.87,528.37
2023-10-18,511.11,516.76,522.64,527.66,528.34
2023-10-19,509.89,516.16,522.27,527.43,528.31
2023-10-20,511.18,515.64,521.91,527.22,528.28
2023-10-23,512.19,515.21,521.6,527.04,528.25
2023-10-24,513.22,514.82,521.3,526.88,528.23
2023-10-25,511.08,514.42,520.96,526.7,528.22
2023-10-26,512.5,514.05,520.66,526.54,528.21
2023-10-27,513.11,513.82,520.36,526.37,528.2
2023-10-30,512.68,513.59,520.09,526.21,528.18
2023-10-31,512.23,513.39,519.81,526.03,528.14
2023-11-01,514.68,513.37,519.58,525.84,528.1
2023-11-03,519.38,513.5,519.46,525.7,528.09
2023-11-06,517.81,513.78,519.32,525.57,528.07
2023-11-07,519.74,514.12,519.26,525.42,528.06
2023-11-08,521.56,514.52,519.19,525.31,528.07
2023-11-09,519.49,514.7,519.1,525.16,528.07
2023-11-10,519.14,514.75,518.96,525,528.07
2023-11-13,518.9,514.91,518.81,524.83,528.08
2023-11-14,523.17,515.3,518.77,524.71,528.1
2023-11-15,522.09,515.76,518.73,524.6,528.11
2023-11-16,524.1,516.41,518.74,524.51,528.1
2023-11-17,524.5,517.14,518.78,524.4,528.1
2023-11-20,524.93,517.83,518.83,524.29,528.09
2023-11-21,525.94,518.51,518.91,524.19,528.07
2023-11-22,525.43,519.12,518.97,524.11,528.06
2023-11-24,523.35,519.74,519.02,524.01,528.04
2023-11-27,525.62,520.39,519.11,523.93,528.03
2023-11-28,526.98,521.09,519.15,523.89,528.02
2023-11-29,529.55,521.93,519.24,523.87,528
2023-11-30,527.98,522.72,519.32,523.84,527.99
2023-12-01,530.83,523.52,519.44,523.84,527.99
2023-12-04,530.34,524.07,519.51,523.85,527.99
2023-12-05,533.52,524.86,519.64,523.89,528
2023-12-06,535.39,525.64,519.81,523.92,528
2023-12-07,534.32,526.28,520,523.95,527.99
2023-12-08,532.06,526.91,520.17,523.96,527.98
2023-12-11,531.71,527.54,520.31,523.96,527.96
2023-12-12,532.95,528.24,520.46,523.97,527.94
2023-12-13,537.41,528.95,520.71,524.03,527.94
2023-12-14,540.5,529.87,521,524.12,527.97
2023-12-15,541.41,530.74,521.3,524.2,528
2023-12-18,540.67,531.54,521.61,524.28,528.02
2023-12-19,542.1,532.4,521.96,524.36,528.05
2023-12-20,544.59,533.34,522.35,524.47,528.09
2023-12-21,544.16,534.27,522.74,524.58,528.13
2023-12-22,543.65,535.29,523.15,524.67,528.19
2023-12-26,543.77,536.19,523.55,524.75,528.26
2023-12-27,546.44,537.17,524.02,524.87,528.34
2023-12-28,545.1,537.95,524.49,524.96,528.41
2023-12-29,543.76,538.73,524.95,525.07,528.48
2024-01-02,542.09,539.3,525.4,525.16,528.56
2024-01-03,542.44,539.9,525.83,525.26,528.65
2024-01-04,540.34,540.24,526.29,525.36,528.72
2024-01-05,539.54,540.45,526.74,525.47,528.8
2024-01-08,540.25,540.75,527.18,525.59,528.86
2024-01-09,539.82,541.14,527.58,525.71,528.91
2024-01-10,539.33,541.52,527.93,525.82,528.97
2024-01-11,540.38,541.89,528.34,525.92,529.01
2024-01-12,541.68,542.1,528.78,526.01,529.06
2024-01-16,539.34,542.04,529.22,526.09,529.11
2024-01-17,537.53,541.85,529.66,526.15,529.14
2024-01-18,536.31,541.63,530.1,526.19,529.15
2024-01-19,536.43,541.35,530.53,526.22,529.17
2024-01-22,537.57,541,530.95,526.27,529.19
2024-01-23,536.54,540.62,531.34,526.32,529.19
2024-01-24,535.22,540.19,531.74,526.35,529.18
2024-01-25,536.47,539.83,532.14,526.4,529.2
2024-01-26,536.29,539.32,532.52,526.44,529.21
2024-01-29,538.04,538.97,532.95,526.52,529.22
2024-01-30,538.17,538.69,533.38,526.59,529.24
2024-01-31,540.78,538.62,533.81,526.7,529.27
2024-02-01,542.98,538.65,534.21,526.83,529.32
2024-02-02,539.44,538.61,534.57,526.95,529.34
2024-02-05,535.94,538.43,534.84,527.05,529.34
2024-02-06,537.58,538.29,535.11,527.15,529.35
2024-02-07,537.22,538.16,535.4,527.25,529.38
2024-02-08,535.93,537.99,535.68,527.32,529.4
2024-02-09,535.28,537.74,535.95,527.38,529.42
2024-02-12,535.69,537.44,536.16,527.46,529.45
2024-02-13,533.23,537.13,536.35,527.54,529.47
2024-02-14,534.45,536.98,536.52,527.63,529.49
2024-02-15,535.2,536.92,536.7,527.74,529.52
2024-02-16,534.1,536.81,536.85,527.84,529.56
2024-02-20,534.93,536.67,537,527.96,529.6
2024-02-21,533.75,536.53,537.14,528.05,529.63
2024-02-22,534.05,536.48,537.32,528.17,529.68
2024-02-23,535.71,536.44,537.49,528.3,529.73
2024-02-26,535.12,536.38,537.62,528.39,529.77
2024-02-27,534.29,536.19,537.7,528.47,529.82
2024-02-28,534.84,536.03,537.82,528.57,529.87
2024-02-29,535.86,535.78,537.9,528.67,529.92
2024-03-01,537.04,535.48,538.01,528.76,529.98
2024-03-04,536.5,535.34,538.06,528.85,530.05
2024-03-05,539.06,535.49,538.12,528.97,530.12
2024-03-06,539.57,535.59,538.21,529.11,530.2
2024-03-07,540.13,535.74,538.34,529.26,530.27
2024-03-08,540.58,535.97,538.49,529.4,530.35
2024-03-11,539.87,536.2,538.61,529.53,530.42
2024-03-12,538.91,536.36,538.63,529.67,530.46
2024-03-13,538.21,536.61,538.59,529.8,530.47
2024-03-14,535.74,536.67,538.5,529.9,530.49
2024-03-15,535.21,536.67,538.41,530.01,530.48
2024-03-18,535.26,536.73,538.29,530.13,530.48
2024-03-19,536.14,536.79,538.15,530.25,530.47
2024-03-20,536.65,536.94,538.03,530.38,530.46
2024-03-21,536.89,537.08,537.92,530.53,530.47
2024-03-22,538.6,537.22,537.83,530.69,530.48
2024-03-25,537.59,537.35,537.68,530.85,530.48
2024-03-26,538.11,537.54,537.57,531.03,530.47
2024-03-27,539.57,537.77,537.5,531.22,530.49
2024-04-01,537.32,537.85,537.42,531.41,530.5
2024-04-02,535.49,537.77,537.3,531.56,530.5
2024-04-03,535.59,537.72,537.22,531.76,530.5
2024-04-09,536.25,537.58,537.17,531.95,530.5
2024-04-10,532.67,537.24,537.04,532.11,530.48
2024-04-11,531.11,536.79,536.9,532.24,530.45
2024-04-12,533.17,536.42,536.79,532.36,530.42
2024-04-15,530.86,535.97,536.63,532.49,530.38
2024-04-16,529.5,535.5,536.43,532.61,530.35
2024-04-17,530.76,535.12,536.29,532.76,530.31
2024-04-18,530.25,534.85,536.17,532.92,530.29
2024-04-19,530.77,534.63,536.07,533.09,530.26
2024-04-22,530.83,534.41,535.98,533.25,530.24
2024-04-23,530.85,534.14,535.87,533.41,530.22
2024-04-24,529.21,533.77,535.75,533.54,530.21
2024-04-25,528.07,533.33,535.63,533.68,530.19
2024-04-26,529.05,532.85,535.5,533.82,530.18
2024-04-29,530.48,532.5,535.41,533.97,530.17
2024-04-30,529.2,532.05,535.26,534.1,530.15
2024-05-01,529.87,531.57,535.12,534.25,530.14
2024-05-02,531.11,531.25,534.96,534.39,530.12
2024-05-03,532.87,531.12,534.79,534.5,530.1
2024-05-06,533.38,531.01,534.69,534.63,530.1
2024-05-07,534.84,530.94,534.67,534.76,530.09
2024-05-08,534.04,531.01,534.61,534.86,530.09
2024-05-09,533.94,531.15,534.56,534.98,530.07
2024-05-10,533.08,531.15,534.51,535.1,530.05
2024-05-13,533.18,531.26,534.48,535.22,530.02
2024-05-14,533.36,531.46,534.44,535.3,530.01
2024-05-15,536.36,531.74,534.49,535.42,530.01
2024-05-16,536.18,532.03,534.52,535.52,530.01
2024-05-17,534.69,532.23,534.51,535.6,530
2024-05-20,533.92,532.38,534.51,535.68,529.98
2024-05-21,534.68,532.58,534.5,535.75,529.97
2024-05-22,533.93,532.81,534.51,535.82,529.97
2024-05-23,532.47,533.03,534.48,535.9,529.95
2024-05-24,532.85,533.22,534.43,535.96,529.95
2024-05-28,531.69,533.28,534.37,536,529.94
2024-05-29,529.3,533.29,534.29,536,529.93
2024-05-30,530.59,533.32,534.22,536.02,529.93
2024-05-31,531.85,533.36,534.15,536.03,529.94
2024-06-03,534,533.42,534.1,536.06,529.95
2024-06-04,535.84,533.54,534.09,536.08,529.98
2024-06-05,537.25,533.66,534.06,536.09,530
2024-06-06,537.35,533.83,534.03,536.12,530.03
2024-06-07,534.37,533.85,533.93,536.14,530.05
2024-06-10,532.47,533.82,533.79,536.14,530.05
2024-06-11,533.78,533.85,533.69,536.15,530.06
2024-06-12,536.23,533.99,533.65,536.14,530.09
2024-06-13,537.72,534.06,533.64,536.12,530.12
2024-06-14,539.71,534.23,533.71,536.1,530.15
2024-06-17,538.2,534.41,533.76,536.08,530.18
2024-06-18,539.48,534.69,533.83,536.06,530.21
2024-06-20,538.62,534.89,533.87,536.01,530.24
2024-06-21,538.56,535.12,533.9,535.96,530.27
2024-06-24,538.67,535.43,533.93,535.92,530.3
2024-06-25,538.96,535.73,533.93,535.88,530.32
2024-06-26,536.74,535.98,533.92,535.8,530.33
2024-06-27,536.76,536.36,533.9,535.73,530.35
2024-06-28,535.48,536.6,533.83,535.66,530.37
2024-07-01,533.04,536.66,533.76,535.59,530.38
2024-07-02,533.74,536.65,533.73,535.52,530.39
2024-07-03,535.91,536.65,533.73,535.48,530.42
2024-07-05,537.55,536.67,533.76,535.46,530.47
2024-07-08,537.93,536.7,533.84,535.44,530.52
2024-07-09,537.02,536.83,533.94,535.42,530.57
2024-07-10,537.79,537.09,534.02,535.41,530.62
2024-07-11,539.94,537.4,534.17,535.4,530.66
2024-07-12,540.5,537.62,534.35,535.39,530.7
2024-07-15,540.19,537.74,534.51,535.4,530.74
2024-07-16,541.77,537.84,534.7,535.44,530.79
2024-07-17,541.87,538.03,534.89,535.48,530.84
2024-07-18,541.49,538.13,535.07,535.52,530.87
2024-07-19,540.29,538.21,535.22,535.55,530.91
2024-07-22,539.82,538.27,535.4,535.57,530.95
2024-07-23,539.95,538.34,535.6,535.61,530.98
2024-07-24,539.23,538.35,535.77,535.64,531.02
2024-07-25,540.16,538.52,535.93,535.67,531.06
2024-07-26,541.38,538.75,536.13,535.7,531.11
2024-07-29,542.54,539.11,536.34,535.73,531.16
2024-07-30,543.28,539.62,536.55,535.75,531.23
2024-07-31,544.91,540.18,536.75,535.77,531.3
2024-08-01,547.1,540.74,536.98,535.83,531.39
2024-08-02,551.52,541.43,537.25,535.96,531.51
2024-08-05,553.27,542.2,537.57,536.09,531.62
2024-08-06,550.07,542.85,537.84,536.2,531.73
2024-08-07,548.35,543.38,538.1,536.3,531.81
2024-08-08,548.13,543.79,538.35,536.41,531.9
2024-08-09,549.43,544.24,538.61,536.53,532
2024-08-12,549.92,544.72,538.84,536.67,532.1
2024-08-13,551.66,545.22,539.1,536.81,532.22
2024-08-14,552.49,545.75,539.4,536.95,532.35
2024-08-15,550.17,546.18,539.67,537.09,532.46
2024-08-16,550.54,546.7,539.93,537.22,532.59
2024-08-19,550.61,547.24,540.21,537.36,532.71
2024-08-20,551.99,547.84,540.53,537.51,532.84
2024-08-21,552.79,548.52,540.87,537.65,532.97
2024-08-22,551.19,549.07,541.19,537.78,533.09
2024-08-23,552.61,549.63,541.58,537.94,533.2
2024-08-26,552.27,550.12,541.94,538.08,533.32
2024-08-27,551.57,550.53,542.27,538.21,533.44
2024-08-28,551.56,550.86,542.56,538.33,533.55
2024-08-29,550.95,551.05,542.81,538.45,533.65
2024-08-30,550.29,550.99,543.03,538.55,533.76
2024-09-03,551.74,550.92,543.27,538.65,533.88
2024-09-04,553.92,551.11,543.6,538.76,534.01
2024-09-05,554.89,551.44,543.97,538.88,534.14
2024-09-06,556.03,551.83,544.34,539.02,534.28
2024-09-09,556.03,552.16,544.67,539.16,534.41
2024-09-10,557.19,552.52,545,539.32,534.56
2024-09-11,557.92,552.84,545.3,539.5,534.7
2024-09-12,557.04,553.07,545.61,539.68,534.85
2024-09-13,557.91,553.45,545.92,539.87,535
2024-09-16,559.04,553.88,546.26,540.06,535.16
2024-09-17,558.5,554.27,546.59,540.25,535.31
2024-09-18,556.68,554.51,546.89,540.41,535.47
2024-09-19,556.14,554.67,547.18,540.56,535.62
2024-09-20,555.7,554.9,547.5,540.71,535.78
2024-09-23,555.79,555.06,547.81,540.86,535.94
2024-09-24,556.88,555.29,548.17,541,536.11
2024-09-25,555.42,555.48,548.54,541.15,536.28
2024-09-26,555.18,555.66,548.9,541.31,536.44
2024-09-27,556.37,555.93,549.24,541.49,536.62
2024-09-30,555.69,556.2,549.54,541.65,536.8
2024-10-01,557.52,556.49,549.87,541.86,536.98
2024-10-02,556.12,556.6,550.19,542.07,537.15
2024-10-03,554.75,556.6,550.47,542.25,537.3
2024-10-04,551.88,556.39,550.67,542.42,537.45
2024-10-07,550.19,556.1,550.83,542.59,537.6
2024-10-08,550.38,555.76,551,542.76,537.76
2024-10-09,549.56,555.34,551.13,542.92,537.92
2024-10-10,549.25,554.95,551.25,543.07,538.08
2024-10-11,549.3,554.52,551.38,543.23,538.24
2024-10-15,550.99,554.11,551.56,543.39,538.4
2024-10-16,552.21,553.8,551.77,543.58,538.56
2024-10-17,550.6,553.5,551.95,543.77,538.73
2024-10-18,551.32,553.26,552.15,543.96,538.89
2024-10-21,548.49,552.89,552.29,544.11,539.04
2024-10-22,547.79,552.49,552.39,544.26,539.18
2024-10-23,547.22,552.01,552.47,544.41,539.33
2024-10-24,548.57,551.67,552.56,544.55,539.47
2024-10-25,547.9,551.31,552.61,544.68,539.59
2024-10-28,547.18,550.85,552.61,544.79,539.71
2024-10-29,546.86,550.4,552.53,544.89,539.82
2024-10-30,546.22,549.84,552.42,545,539.93
2024-10-31,546.36,549.35,552.35,545.1,540.04
2024-11-01,544.81,548.85,552.29,545.2,540.15
2024-11-04,546.37,548.58,552.27,545.31,540.26
2024-11-05,546.22,548.38,552.21,545.41,540.36
2024-11-06,543.52,548.04,552.11,545.47,540.45
2024-11-07,544.79,547.8,551.99,545.54,540.53
2024-11-08,546.31,547.65,551.89,545.64,540.62
2024-11-12,544.58,547.42,551.79,545.73,540.71
2024-11-13,543.83,547.06,551.68,545.81,540.78
2024-11-14,544.21,546.66,551.58,545.89,540.86
2024-11-15,544.46,546.35,551.45,545.99,540.95
2024-11-18,544.55,546.01,551.31,546.09,541.02
2024-11-19,545.45,545.86,551.22,546.2,541.1
2024-11-20,544.72,545.71,551.09,546.33,541.16
2024-11-21,544.68,545.58,550.96,546.45,541.23
2024-11-22,545.42,545.42,550.86,546.56,541.3
2024-11-25,548.34,545.44,550.8,546.68,541.37
2024-11-26,548.11,545.49,550.76,546.79,541.43
2024-11-27,549.19,545.61,550.74,546.88,541.49
2024-11-29,551.57,545.87,550.74,547,541.56
2024-12-02,551.83,546.15,550.7,547.15,541.64
2024-12-03,551.17,546.47,550.64,547.3,541.72
2024-12-04,552.4,546.77,550.58,547.46,541.8
2024-12-05,552.31,547.07,550.52,547.59,541.87
2024-12-06,552.83,547.54,550.44,547.72,541.92
2024-12-09,552.37,547.92,550.35,547.83,541.96
2024-12-10,551.68,548.19,550.26,547.94,542.01
2024-12-11,550.86,548.5,550.14,548.03,542.05
2024-12-12,549.37,548.78,549.98,548.12,542.07
2024-12-13,547.82,548.96,549.8,548.2,542.08
2024-12-16,547.64,549.12,549.65,548.27,542.1
2024-12-17,547.54,549.27,549.51,548.35,542.11
2024-12-18,545.9,549.29,549.35,548.42,542.11
2024-12-19,544.31,549.27,549.16,548.48,542.11
2024-12-20,545.43,549.3,548.97,548.57,542.12
2024-12-23,544.12,549.24,548.78,548.66,542.12
2024-12-24,544.39,549.04,548.6,548.75,542.13
2024-12-26,544.37,548.86,548.4,548.82,542.15
2024-12-27,543.24,548.56,548.19,548.87,542.16
2024-12-30,544.73,548.22,547.98,548.92,542.18
2024-12-31,544.58,547.85,547.78,548.99,542.2
2025-01-02,544.58,547.52,547.61,549.04,542.22
2025-01-03,543.62,547.08,547.48,549.07,542.24
2025-01-06,543.08,546.62,547.36,549.09,542.24
2025-01-07,541.64,546.06,547.21,549.11,542.25
2025-01-08,541.18,545.5,547.07,549.1,542.27
2025-01-09,540.91,544.97,546.93,549.09,542.29
2025-01-10,539.11,544.38,546.76,549.07,542.3
2025-01-13,538.51,543.84,546.56,549.06,542.3
2025-01-14,538.07,543.35,546.32,549.04,542.31
2025-01-15,541.33,543.03,546.17,549.06,542.33
2025-01-16,542.39,542.77,546.02,549.08,542.36
2025-01-17,542.95,542.63,545.92,549.11,542.39
2025-01-21,544.21,542.62,545.87,549.13,542.41
2025-01-22,543.67,542.53,545.81,549.14,542.44
2025-01-23,542.77,542.47,545.71,549.13,542.44
2025-01-24,543.04,542.4,545.63,549.12,542.44
2025-01-27,544.94,542.43,545.59,549.1,542.47
